COD_CLI,CGC_CPF,RAZ_SOCIAL,NOM_FANTASIA,COD_CIDADE,COD_ESTADO,BLOQUEADO,DAT_CADASTRO,COD_GRPCLI
10000,63903139000165,REDE BOM PRECO LTDA 0000,REDE BOM,9,MG,0,2017-06-08 07:14:10,30
10001,10491472000148,DROGA AURORA ME 0001,DROGA AURORA,11,GO,0,2024-01-13 10:47:04,40
10002,25066074000151,DROGA BOM PRECO LTDA 0002,DROGA BOM,5,MG,0,2022-07-12 10:22:12,40
10003,95436520000158,FARMA SAO PEDRO LTDA 0003,FARMA SAO,11,MG,0,2024-02-02 04:05:39,40
10004,54829355000117,DROGA ESPERANCA LTDA 0004,DROGA ESPERANCA,6,GO,1,2019-11-12 22:30:28,40
10005,22267797000120,REDE POPULAR LTDA 0005,REDE POPULAR,8,MG,0,2018-05-11 02:36:20,40
10006,93296265000160,DROGARIA PLANALTO ME 0006,DROGARIA PLANALTO,16,MG,1,2018-04-16 19:54:53,30
10007,88281543000175,COMERCIAL HORIZONTE ME 0007,COMERCIAL HORIZONTE,5,MG,1,2016-05-22 21:24:00,50
10008,11088171000130,REDE REAL ME 0008,REDE REAL,5,GO,0,2014-08-21 22:29:00,30
10009,90122106000150,COMERCIAL UNIAO EIRELI 0009,COMERCIAL UNIAO,18,MG,0,2020-07-23 12:01:04,50
10010,81415903000135,COMERCIAL IDEAL COMERCIO LTDA 0010,COMERCIAL IDEAL,13,MG,0,2014-11-15 17:10:11,40
10011,26817174000135,FARMA VIDA ME 0011,FARMA VIDA,17,MG,0,2020-07-23 00:35:47,50
10012,02827423000105,DROGARIA PRIME LTDA 0012,DROGARIA PRIME,4,GO,0,2024-09-23 00:25:41,40
10013,62452229000114,FARMACIA ESPERANCA LTDA 0013,FARMACIA ESPERANCA,18,MG,0,2020-12-08 02:43:46,40
10014,39951125000132,COMERCIAL CENTRAL ME 0014,COMERCIAL CENTRAL,2,GO,0,2023-07-09 07:38:57,40
10015,78395787000125,DROGARIA PRIME LTDA 0015,DROGARIA PRIME,3,MG,0,2016-05-31 12:23:02,40
10016,19581081000199,FARMACIA SANTA CLARA COMERCIO LTDA 0016,FARMACIA SANTA,17,MG,0,2024-10-11 06:46:28,40
10017,86771853000142,REDE SAUDE COMERCIO LTDA 0017,REDE SAUDE,4,GO,0,2015-03-13 13:54:17,40
10018,56233537000156,FARMA REAL ME 0018,FARMA REAL,4,GO,0,2020-09-27 10:24:24,20
10019,39846285000111,DROGARIA REAL EIRELI 0019,DROGARIA REAL,4,MG,0,2018-07-02 18:29:13,40
10020,26067505000167,FARMA ESTRELA LTDA 0020,FARMA ESTRELA,7,GO,0,2020-12-17 22:03:16,50
10021,97500561000191,DROGARIA MODELO EIRELI 0021,DROGARIA MODELO,4,MG,0,2025-10-18 22:21:10,40
10022,51981717000100,FARMACIA UNIAO ME 0022,FARMACIA UNIAO,4,MG,0,2016-08-17 12:25:29,40
10023,77353319000125,FARMA SAUDE COMERCIO LTDA 0023,FARMA SAUDE,9,GO,0,2015-08-17 19:36:38,50
10024,81369078000180,DROGA ESTRELA ME 0024,DROGA ESTRELA,3,GO,0,2016-05-06 08:39:31,50
10025,17842943000164,FARMA PLANALTO LTDA 0025,FARMA PLANALTO,3,MG,0,2025-12-24 13:04:05,40
10026,30169061000148,COMERCIAL PLANALTO LTDA 0026,COMERCIAL PLANALTO,2,MG,0,2019-11-17 16:25:40,50
10027,22690001000148,FARMACIA BOM PRECO COMERCIO LTDA 0027,FARMACIA BOM,3,MG,0,2022-05-15 19:24:01,40
10028,98688404000114,FARMA UNIAO COMERCIO LTDA 0028,FARMA UNIAO,16,MG,0,2015-03-12 23:14:12,40
10029,70207597000125,FARMACIA MODELO LTDA 0029,FARMACIA MODELO,2,MG,0,2016-12-28 19:31:11,20
10030,13954572000151,DROGA ESTRELA EIRELI 0030,DROGA ESTRELA,13,MG,0,2021-11-27 08:54:27,20
10031,61145649000195,COMERCIAL PLANALTO COMERCIO LTDA 0031,COMERCIAL PLANALTO,14,MG,0,2022-03-16 06:10:47,40
10032,61482956000161,FARMACIA NOVA ERA ME 0032,FARMACIA NOVA,5,MG,0,2020-04-04 09:37:07,40
10033,75663273000115,REDE PLANALTO LTDA 0033,REDE PLANALTO,2,MG,0,2018-05-17 14:09:11,40
10034,97527235000178,DROGARIA CENTRAL COMERCIO LTDA 0034,DROGARIA CENTRAL,11,MG,0,2021-02-27 03:04:42,50
10035,47307904000128,REDE BOM PRECO LTDA 0035,REDE BOM,17,MG,0,2024-08-12 13:34:01,30
10036,94743761000187,DROGARIA BOM PRECO LTDA 0036,DROGARIA BOM,9,GO,0,2024-06-29 12:02:30,30
10037,24899952000157,COMERCIAL ESPERANCA COMERCIO LTDA 0037,COMERCIAL ESPERANCA,3,MG,,2023-01-12 11:12:05,40
10038,49131299000102,REDE ESPERANCA LTDA 0038,REDE ESPERANCA,2,GO,0,2024-08-20 00:59:22,40
10039,38656467000167,FARMA AURORA EIRELI 0039,FARMA AURORA,3,MG,0,2015-02-09 06:27:10,10
10040,73549351000120,FARMACIA PRIME ME 0040,FARMACIA PRIME,9,MG,0,2023-09-21 12:45:08,40
10041,60331206000126,FARMA SAUDE EIRELI 0041,FARMA SAUDE,9,MG,0,2024-10-08 15:05:43,50
10042,68684976000164,DROGA POPULAR LTDA 0042,DROGA POPULAR,15,MG,1,2025-09-11 12:37:11,40
10043,49649191000106,REDE VIDA LTDA 0043,REDE VIDA,8,GO,0,2025-05-28 19:25:16,40
10044,78984392000168,FARMACIA AURORA EIRELI 0044,FARMACIA AURORA,9,GO,0,2018-01-11 12:11:46,
10045,19031967000169,DROGA POPULAR ME 0045,DROGA POPULAR,3,GO,0,2019-07-05 05:43:16,40
10046,32840952000100,DROGA BOM PRECO COMERCIO LTDA 0046,DROGA BOM,6,GO,0,2023-02-16 21:47:15,
10047,49275431000150,COMERCIAL NOVA ERA LTDA 0047,COMERCIAL NOVA,18,MG,0,2022-09-11 12:34:50,40
10048,97451151000106,REDE NOVA ERA LTDA 0048,REDE NOVA,11,GO,0,2017-11-13 12:48:21,40
10049,03325034000144,DROGA VIDA LTDA 0049,DROGA VIDA,3,GO,0,2026-07-15 02:28:20,20
10050,42538935000176,REDE SAUDE EIRELI 0050,REDE SAUDE,12,GO,0,2026-05-01 06:49:44,40
10051,12052757000108,REDE UNIAO EIRELI 0051,REDE UNIAO,5,GO,0,2016-09-12 03:43:50,30
10052,25314639000172,COMERCIAL SANTA CLARA COMERCIO LTDA 0052,COMERCIAL SANTA,7,MG,0,2017-10-10 18:54:07,50
10053,09425730000109,DROGARIA POPULAR COMERCIO LTDA 0053,DROGARIA POPULAR,9,MG,0,2015-03-10 05:54:20,10
10054,41021481000107,DROGARIA SAO PEDRO EIRELI 0054,DROGARIA SAO,9,MG,0,2015-03-09 11:46:20,30
10055,35294863000101,COMERCIAL SANTA CLARA ME 0055,COMERCIAL SANTA,5,MG,0,2014-08-03 12:42:49,40
10056,10900918000140,REDE REAL LTDA 0056,REDE REAL,15,MG,0,2017-04-23 14:29:10,20
10057,15641879000128,DROGARIA SAUDE LTDA 0057,DROGARIA SAUDE,4,MG,0,2014-12-13 11:51:20,40
10058,85716225000100,REDE PLANALTO ME 0058,REDE PLANALTO,12,MG,0,2024-10-31 17:37:09,30
10059,28737831000160,FARMACIA CENTRAL EIRELI 0059,FARMACIA CENTRAL,14,MG,0,2019-07-16 16:51:01,
10060,09905955000162,DROGARIA IDEAL ME 0060,DROGARIA IDEAL,12,MG,0,2025-03-31 02:54:44,40
10061,22369810000152,COMERCIAL VIDA EIRELI 0061,COMERCIAL VIDA,8,MG,0,2023-03-24 01:12:44,30
10062,57752779000119,FARMA SAUDE ME 0062,FARMA SAUDE,18,MG,0,2020-11-14 09:30:28,40
10063,07863164000191,FARMACIA REAL LTDA 0063,FARMACIA REAL,6,MG,,2019-09-15 09:47:27,40
10064,56863450000162,COMERCIAL PRIME COMERCIO LTDA 0064,COMERCIAL PRIME,3,GO,0,2016-05-13 08:13:24,30
10065,07024740000107,COMERCIAL ESPERANCA EIRELI 0065,COMERCIAL ESPERANCA,11,GO,0,2023-06-20 20:40:07,50
10066,44065954000158,COMERCIAL VIDA COMERCIO LTDA 0066,COMERCIAL VIDA,3,GO,0,2018-09-30 14:36:35,30
10067,72104758000180,FARMA ESPERANCA ME 0067,FARMA ESPERANCA,2,MG,0,2015-02-18 08:08:50,40
10068,19266481000100,DROGA NOVA ERA ME 0068,DROGA NOVA,15,MG,0,2016-02-09 01:05:02,30
10069,60419325000135,DROGARIA UNIAO COMERCIO LTDA 0069,DROGARIA UNIAO,8,MG,0,2021-12-08 23:34:36,50
10070,45577283000177,DROGA POPULAR EIRELI 0070,DROGA POPULAR,11,MG,0,2020-01-08 03:50:50,30
10071,03218616000121,COMERCIAL AURORA COMERCIO LTDA 0071,COMERCIAL AURORA,12,MG,0,2017-05-14 21:30:24,20
10072,53221090000107,DROGA SAO PEDRO LTDA 0072,DROGA SAO,18,MG,0,2019-07-14 12:50:12,30
10073,21904891000180,FARMACIA SANTA CLARA LTDA 0073,FARMACIA SANTA,5,GO,0,2025-03-22 08:40:22,40
10074,30494556000142,REDE REAL EIRELI 0074,REDE REAL,4,MG,1,2016-07-14 00:02:23,50
10075,03930766000163,DROGA REAL LTDA 0075,DROGA REAL,12,GO,0,2016-10-26 16:21:53,50
10076,32803471000124,REDE UNIAO EIRELI 0076,REDE UNIAO,7,GO,0,2023-08-13 00:03:19,40
10077,65046953000136,COMERCIAL REAL LTDA 0077,COMERCIAL REAL,2,MG,0,2023-03-15 11:03:58,40
10078,55761339000100,REDE UNIAO EIRELI 0078,REDE UNIAO,17,MG,1,2023-07-11 17:59:27,50
10079,26436444000168,DROGARIA PRIME EIRELI 0079,DROGARIA PRIME,14,MG,0,2023-04-08 21:46:12,40
10080,27987296000132,COMERCIAL NOVA ERA EIRELI 0080,COMERCIAL NOVA,4,MG,0,2025-03-19 07:50:13,10
10081,57795672000158,DROGA MODELO EIRELI 0081,DROGA MODELO,14,MG,0,2023-06-19 04:51:37,50
10082,96341988000121,FARMACIA UNIAO COMERCIO LTDA 0082,FARMACIA UNIAO,9,GO,0,2021-01-14 09:36:05,10
10083,38990797000194,COMERCIAL BOM PRECO EIRELI 0083,COMERCIAL BOM,13,MG,0,2019-05-28 21:54:14,30
10084,44226828000138,REDE SAO PEDRO EIRELI 0084,REDE SAO,7,GO,0,2018-03-27 06:11:14,30
10085,01349219000163,DROGA UNIAO COMERCIO LTDA 0085,DROGA UNIAO,999,MG,0,2022-12-19 18:35:02,20
10086,84826417000106,FARMA ESTRELA COMERCIO LTDA 0086,FARMA ESTRELA,11,MG,0,2016-06-02 14:07:34,20
10087,90510671000195,REDE HORIZONTE ME 0087,REDE HORIZONTE,7,MG,0,2024-07-22 00:01:47,40
10088,89894332000170,DROGA AURORA EIRELI 0088,DROGA AURORA,3,MG,1,2026-04-14 07:46:11,30
10089,22050200000191,FARMACIA NOVA ERA ME 0089,FARMACIA NOVA,2,GO,0,2023-07-21 07:49:17,10
10090,85548004000161,FARMACIA SAO PEDRO LTDA 0090,FARMACIA SAO,4,GO,0,2019-10-22 01:33:49,20
10091,46267917000158,FARMA POPULAR COMERCIO LTDA 0091,FARMA POPULAR,4,GO,0,2019-04-21 07:25:11,40
10092,69318999000118,COMERCIAL UNIAO COMERCIO LTDA 0092,COMERCIAL UNIAO,14,MG,0,2015-08-09 23:42:20,20
10093,53740509000137,FARMA ESPERANCA ME 0093,FARMA ESPERANCA,16,MG,0,2025-01-15 17:54:07,40
10094,41513456000132,DROGARIA REAL ME 0094,DROGARIA REAL,1,MG,0,2021-10-14 03:47:10,40
10095,98489403000140,FARMACIA AURORA COMERCIO LTDA 0095,FARMACIA AURORA,999,MG,0,2022-09-08 20:09:21,20
10096,40168133000196,REDE ESPERANCA LTDA 0096,REDE ESPERANCA,2,MG,0,2017-02-25 02:30:41,30
10097,09710146000103,FARMACIA ESTRELA EIRELI 0097,FARMACIA ESTRELA,15,MG,0,2018-11-25 00:46:32,50
10098,13490598000196,REDE AURORA COMERCIO LTDA 0098,REDE AURORA,15,MG,0,2019-11-18 01:03:36,50
10099,51632191000145,FARMA BOM PRECO COMERCIO LTDA 0099,FARMA BOM,18,MG,0,2024-03-25 09:32:26,30
10100,73732495000117,DROGA ESPERANCA EIRELI 0100,DROGA ESPERANCA,8,GO,0,2019-02-13 22:14:32,40
10101,57938275000198,FARMA ESPERANCA EIRELI 0101,FARMA ESPERANCA,17,MG,0,2020-12-14 02:16:16,30
10102,83199590000150,DROGARIA NOVA ERA ME 0102,DROGARIA NOVA,8,GO,0,2026-06-22 01:15:42,40
10103,50579388000103,DROGA PRIME LTDA 0103,DROGA PRIME,9,MG,1,2017-06-11 11:54:50,40
10104,19788195000104,FARMACIA ESPERANCA COMERCIO LTDA 0104,FARMACIA ESPERANCA,5,MG,0,2017-02-24 12:52:32,40
10105,94931411000144,FARMACIA UNIAO LTDA 0105,FARMACIA UNIAO,12,GO,0,2022-03-23 23:34:17,40
10106,46516613000187,FARMA PRIME COMERCIO LTDA 0106,FARMA PRIME,7,GO,0,2025-11-05 12:29:27,10
10107,20591428000163,DROGARIA UNIAO COMERCIO LTDA 0107,DROGARIA UNIAO,14,MG,0,2021-06-17 04:31:24,20
10108,02539496000100,REDE SAO PEDRO COMERCIO LTDA 0108,REDE SAO,7,GO,0,2016-03-05 10:20:44,40
10109,01089175000180,DROGARIA IDEAL EIRELI 0109,DROGARIA IDEAL,8,GO,1,2015-01-21 21:52:42,40
10110,52191068000107,FARMA PLANALTO ME 0110,FARMA PLANALTO,7,GO,0,2018-01-13 07:27:20,50
10111,45982947000183,FARMACIA SANTA CLARA COMERCIO LTDA 0111,FARMACIA SANTA,8,GO,0,2025-08-22 19:05:56,20
10112,74198600000142,DROGARIA MODELO EIRELI 0112,DROGARIA MODELO,16,MG,0,2023-04-03 01:51:30,10
10113,60319011000160,COMERCIAL BOM PRECO COMERCIO LTDA 0113,COMERCIAL BOM,13,MG,0,2025-01-07 23:27:09,50
10114,69131042000168,REDE PLANALTO LTDA 0114,REDE PLANALTO,5,MG,0,2024-12-03 14:49:36,40
10115,26148277000150,REDE SAO PEDRO LTDA 0115,REDE SAO,13,MG,0,2021-12-19 07:41:51,20
10116,39045494000166,FARMACIA ESTRELA ME 0116,FARMACIA ESTRELA,14,MG,0,2014-12-13 12:11:47,40
10117,34708876000109,DROGA MODELO EIRELI 0117,DROGA MODELO,2,MG,0,2014-10-12 11:15:22,50
10118,99735468000191,FARMA PRIME EIRELI 0118,FARMA PRIME,4,GO,0,2019-10-16 15:54:02,30
10119,27287251000155,DROGA REAL EIRELI 0119,DROGA REAL,13,MG,0,2019-03-19 04:45:57,20
10120,81737481000114,FARMA SAO PEDRO LTDA 0120,FARMA SAO,2,GO,0,2023-04-20 18:15:11,50
10121,67182448000144,FARMACIA POPULAR LTDA 0121,FARMACIA POPULAR,12,MG,0,2019-08-23 11:32:49,10
10122,22310473000128,FARMACIA UNIAO LTDA 0122,FARMACIA UNIAO,1,MG,0,2025-06-26 18:02:33,30
10123,56488957000183,FARMACIA SAUDE COMERCIO LTDA 0123,FARMACIA SAUDE,5,MG,0,2014-11-09 20:48:43,40
10124,75689172000113,REDE UNIAO COMERCIO LTDA 0124,REDE UNIAO,4,MG,,2020-06-21 09:46:36,40
10125,86694395000195,DROGA IDEAL ME 0125,DROGA IDEAL,12,GO,0,2016-02-10 09:38:23,30
10126,71712892000100,FARMACIA NOVA ERA LTDA 0126,FARMACIA NOVA,4,MG,1,2015-04-15 20:01:08,40
10127,14946277000116,DROGARIA NOVA ERA COMERCIO LTDA 0127,DROGARIA NOVA,10,GO,0,2018-09-04 23:08:54,30
10128,80228578000139,COMERCIAL UNIAO LTDA 0128,COMERCIAL UNIAO,7,GO,0,2021-06-07 13:42:28,
10129,78567619000170,DROGARIA NOVA ERA LTDA 0129,DROGARIA NOVA,8,MG,0,2021-05-04 09:50:28,30
10130,22114422000120,DROGA PLANALTO COMERCIO LTDA 0130,DROGA PLANALTO,2,MG,0,2026-03-14 02:20:48,40
10131,54924863000184,DROGA POPULAR EIRELI 0131,DROGA POPULAR,11,GO,0,2017-11-17 03:14:27,30
10132,12508853000118,FARMA HORIZONTE LTDA 0132,FARMA HORIZONTE,1,MG,0,2021-12-09 20:25:26,50
10133,25970817000113,DROGA ESTRELA ME 0133,DROGA ESTRELA,14,MG,0,2026-04-08 10:35:21,40
10134,99727726000198,FARMACIA AURORA EIRELI 0134,FARMACIA AURORA,14,MG,0,2024-11-09 09:28:56,40
10135,46640920000175,FARMA ESTRELA COMERCIO LTDA 0135,FARMA ESTRELA,18,MG,0,2016-06-14 23:37:13,50
10136,37232626000133,DROGA ESPERANCA LTDA 0136,DROGA ESPERANCA,9,MG,0,2020-04-30 21:12:16,50
10137,88708349000123,FARMA ESPERANCA COMERCIO LTDA 0137,FARMA ESPERANCA,5,GO,0,2020-04-05 01:19:30,40
10138,47727240000156,DROGA SAO PEDRO COMERCIO LTDA 0138,DROGA SAO,13,MG,0,2018-02-22 05:10:55,50
10139,32088803000136,FARMACIA HORIZONTE ME 0139,FARMACIA HORIZONTE,6,GO,0,2016-01-19 10:47:19,40
10140,20113009000116,DROGA PRIME EIRELI 0140,DROGA PRIME,12,MG,0,2024-07-02 04:03:33,30
10141,45974473000128,REDE SAO PEDRO ME 0141,REDE SAO,9,MG,0,2019-06-25 21:10:19,40
10142,96688087000100,FARMACIA REAL COMERCIO LTDA 0142,FARMACIA REAL,3,MG,0,2024-02-28 20:12:34,30
10143,36461691000178,FARMACIA HORIZONTE COMERCIO LTDA 0143,FARMACIA HORIZONTE,18,MG,0,2017-07-22 06:57:21,40
10144,34877288000107,DROGARIA POPULAR EIRELI 0144,DROGARIA POPULAR,8,GO,1,2019-10-17 02:04:51,40
10145,66971045000111,FARMA ESPERANCA EIRELI 0145,FARMA ESPERANCA,8,MG,0,2025-09-21 11:48:12,50
10146,20506437000109,FARMA PLANALTO EIRELI 0146,FARMA PLANALTO,12,MG,0,2021-08-20 04:20:28,40
10147,46342712000190,COMERCIAL PLANALTO EIRELI 0147,COMERCIAL PLANALTO,7,GO,0,2019-05-23 15:02:21,20
10148,72657909000128,COMERCIAL ESTRELA EIRELI 0148,COMERCIAL ESTRELA,6,GO,0,2023-04-10 06:53:07,30
10149,94294999000172,DROGA ESPERANCA LTDA 0149,DROGA ESPERANCA,10,MG,0,2022-08-02 19:59:17,40
10150,77834351000122,FARMACIA PRIME LTDA 0150,FARMACIA PRIME,12,GO,0,2021-06-23 15:16:48,40
10151,21268260000112,COMERCIAL BOM PRECO ME 0151,COMERCIAL BOM,18,MG,0,2016-09-10 00:30:27,40
10152,40486810000114,COMERCIAL HORIZONTE EIRELI 0152,COMERCIAL HORIZONTE,7,MG,0,2017-04-26 10:40:21,40
10153,99845394000146,REDE NOVA ERA LTDA 0153,REDE NOVA,17,MG,0,2016-04-06 17:23:44,40
10154,36675827000142,DROGA ESPERANCA EIRELI 0154,DROGA ESPERANCA,7,MG,0,2018-06-23 10:32:25,10
10155,24011859000164,DROGA SAO PEDRO ME 0155,DROGA SAO,6,MG,0,2024-12-10 05:21:58,
10156,79192915000104,DROGARIA CENTRAL EIRELI 0156,DROGARIA CENTRAL,9,MG,,2020-09-05 00:17:21,50
10157,70771854000157,COMERCIAL HORIZONTE LTDA 0157,COMERCIAL HORIZONTE,5,MG,0,2020-08-03 03:41:09,40
10158,69570298000171,REDE NOVA ERA COMERCIO LTDA 0158,REDE NOVA,1,MG,0,2019-02-04 05:16:11,20
10159,51406683000112,FARMA PRIME ME 0159,FARMA PRIME,16,MG,0,2015-09-18 16:37:48,30
10160,14892611000104,DROGA HORIZONTE LTDA 0160,DROGA HORIZONTE,2,MG,0,2023-05-05 12:28:54,40
10161,24645522000109,FARMA HORIZONTE LTDA 0161,FARMA HORIZONTE,2,GO,0,2021-01-28 06:52:41,10
10162,33780385000106,FARMACIA SAUDE EIRELI 0162,FARMACIA SAUDE,2,MG,0,2019-12-30 05:57:32,10
10163,30962792000146,FARMACIA VIDA COMERCIO LTDA 0163,FARMACIA VIDA,3,MG,0,2015-09-27 18:47:15,10
10164,51730910000160,REDE ESPERANCA COMERCIO LTDA 0164,REDE ESPERANCA,10,GO,0,2018-12-20 10:40:42,
10165,07992750000136,FARMA NOVA ERA COMERCIO LTDA 0165,FARMA NOVA,15,MG,0,2014-10-18 03:08:31,40
10166,81248833000178,REDE CENTRAL LTDA 0166,REDE CENTRAL,10,MG,0,2015-08-30 17:25:29,40
10167,75632534000130,COMERCIAL UNIAO EIRELI 0167,COMERCIAL UNIAO,4,GO,1,2020-12-08 17:08:41,30
10168,97054519000194,DROGARIA BOM PRECO ME 0168,DROGARIA BOM,11,GO,0,2018-10-04 01:00:25,30
10169,74351158000142,REDE POPULAR ME 0169,REDE POPULAR,3,GO,0,2017-06-07 09:58:50,40
10170,00723280000166,FARMA ESTRELA COMERCIO LTDA 0170,FARMA ESTRELA,1,MG,,2020-12-19 06:12:41,30
10171,02227593000159,DROGARIA ESPERANCA EIRELI 0171,DROGARIA ESPERANCA,10,MG,0,2018-06-30 02:09:12,30
10172,91778730000173,COMERCIAL ESTRELA LTDA 0172,COMERCIAL ESTRELA,10,MG,0,2025-09-15 11:29:39,40
10173,78658307000171,DROGA UNIAO COMERCIO LTDA 0173,DROGA UNIAO,8,MG,0,2025-09-19 16:03:01,10
10174,88894737000146,REDE ESPERANCA ME 0174,REDE ESPERANCA,4,MG,0,2017-11-18 01:09:31,40
10175,49269074000117,FARMACIA POPULAR LTDA 0175,FARMACIA POPULAR,9,MG,0,2020-08-07 13:13:45,40
10176,39135372000160,DROGA NOVA ERA COMERCIO LTDA 0176,DROGA NOVA,3,GO,0,2026-03-06 07:35:48,40
10177,22821231000107,FARMA NOVA ERA COMERCIO LTDA 0177,FARMA NOVA,4,MG,0,2015-04-12 09:05:47,40
10178,87990815000143,REDE PLANALTO COMERCIO LTDA 0178,REDE PLANALTO,5,GO,0,2021-08-14 07:32:50,40
10179,94760501000110,DROGARIA CENTRAL COMERCIO LTDA 0179,DROGARIA CENTRAL,8,GO,0,2025-09-20 13:13:31,30
10180,29385428000181,REDE SANTA CLARA LTDA 0180,REDE SANTA,11,MG,0,2022-05-31 11:42:58,50
10181,46597032000117,FARMACIA SAO PEDRO EIRELI 0181,FARMACIA SAO,3,MG,0,2015-04-20 07:54:53,40
10182,78400450000169,DROGARIA BOM PRECO COMERCIO LTDA 0182,DROGARIA BOM,10,GO,0,2021-08-14 23:46:08,40
10183,75800057000174,COMERCIAL ESTRELA EIRELI 0183,COMERCIAL ESTRELA,9,GO,0,2016-02-03 10:42:38,40
10184,02487701000122,REDE REAL COMERCIO LTDA 0184,REDE REAL,3,GO,0,2017-03-02 07:25:34,40
10185,60809799000193,FARMA IDEAL COMERCIO LTDA 0185,FARMA IDEAL,3,MG,0,2022-11-24 00:56:54,30
10186,68698033000190,DROGA VIDA ME 0186,DROGA VIDA,6,GO,0,2021-04-16 10:20:51,40
10187,09004702000118,FARMA HORIZONTE EIRELI 0187,FARMA HORIZONTE,11,MG,0,2021-12-14 22:03:42,40
10188,43174062000122,FARMA PLANALTO LTDA 0188,FARMA PLANALTO,11,GO,0,2017-09-21 03:43:26,40
10189,30098780000115,DROGARIA PRIME EIRELI 0189,DROGARIA PRIME,15,MG,0,2024-12-25 22:45:39,40
10190,80589415000181,DROGARIA MODELO LTDA 0190,DROGARIA MODELO,11,MG,0,2015-08-22 06:50:27,40
10191,43524436000192,FARMA REAL LTDA 0191,FARMA REAL,18,MG,0,2024-07-14 19:51:33,30
10192,70241501000145,REDE IDEAL COMERCIO LTDA 0192,REDE IDEAL,7,MG,0,2018-03-28 10:50:52,20
10193,75035199000192,FARMA CENTRAL ME 0193,FARMA CENTRAL,11,GO,0,2015-02-20 08:14:16,40
10194,92255728000182,REDE SAUDE EIRELI 0194,REDE SAUDE,9,MG,0,2017-08-30 11:13:42,40
10195,19510897000121,COMERCIAL HORIZONTE LTDA 0195,COMERCIAL HORIZONTE,8,GO,0,2018-07-12 08:21:48,40
10196,72708878000197,COMERCIAL ESPERANCA ME 0196,COMERCIAL ESPERANCA,1,MG,0,2016-01-22 01:20:02,10
10197,74102653000118,REDE SAO PEDRO COMERCIO LTDA 0197,REDE SAO,10,MG,0,2021-08-08 16:07:01,40
10198,72776950000113,FARMACIA VIDA COMERCIO LTDA 0198,FARMACIA VIDA,3,MG,0,2020-05-06 14:54:51,40
10199,60788359000105,COMERCIAL SAUDE COMERCIO LTDA 0199,COMERCIAL SAUDE,4,MG,0,2021-11-04 09:34:10,10
10200,13113993000150,REDE SANTA CLARA COMERCIO LTDA 0200,REDE SANTA,10,MG,0,2021-08-31 07:55:44,30
10201,08969914000177,FARMA ESPERANCA COMERCIO LTDA 0201,FARMA ESPERANCA,16,MG,0,2020-08-18 19:14:01,40
10202,20667948000102,FARMACIA MODELO ME 0202,FARMACIA MODELO,18,MG,0,2023-07-12 19:40:00,30
10203,81207238000194,COMERCIAL SAUDE LTDA 0203,COMERCIAL SAUDE,17,MG,0,2025-02-17 11:06:08,40
10204,39419909000114,FARMA PRIME EIRELI 0204,FARMA PRIME,9,MG,0,2024-04-06 08:50:03,40
10205,27133085000132,DROGA NOVA ERA COMERCIO LTDA 0205,DROGA NOVA,1,GO,0,2014-12-30 22:59:39,10
10206,63925524000103,FARMA PLANALTO COMERCIO LTDA 0206,FARMA PLANALTO,5,MG,0,2015-02-18 23:16:42,30
10207,80866617000123,DROGA PLANALTO COMERCIO LTDA 0207,DROGA PLANALTO,6,GO,0,2017-06-06 06:17:50,
10208,06567483000197,DROGA UNIAO ME 0208,DROGA UNIAO,15,MG,1,2015-07-16 23:53:35,40
10209,08713064000141,FARMACIA REAL LTDA 0209,FARMACIA REAL,13,MG,0,2021-02-09 06:53:15,10
10210,82794034000160,COMERCIAL HORIZONTE COMERCIO LTDA 0210,COMERCIAL HORIZONTE,11,MG,0,2023-12-06 15:39:41,50
10211,56827603000116,COMERCIAL SAUDE COMERCIO LTDA 0211,COMERCIAL SAUDE,7,GO,0,2020-06-15 00:45:28,40
10212,68993899000124,FARMACIA AURORA EIRELI 0212,FARMACIA AURORA,1,GO,0,2018-03-02 04:44:22,40
10213,90548856000199,FARMA VIDA COMERCIO LTDA 0213,FARMA VIDA,4,MG,0,2015-04-16 06:55:30,30
10214,95282288000140,COMERCIAL SAUDE COMERCIO LTDA 0214,COMERCIAL SAUDE,1,MG,0,2023-02-15 17:11:56,30
10215,14992345000183,FARMACIA POPULAR COMERCIO LTDA 0215,FARMACIA POPULAR,11,GO,0,2017-05-19 19:32:02,40
10216,48607534000107,DROGA MODELO LTDA 0216,DROGA MODELO,9,MG,0,2016-10-08 11:47:55,30
10217,77036858000130,COMERCIAL PLANALTO COMERCIO LTDA 0217,COMERCIAL PLANALTO,11,MG,0,2016-01-12 11:19:53,40
10218,29330829000134,COMERCIAL HORIZONTE LTDA 0218,COMERCIAL HORIZONTE,11,MG,0,2016-08-15 06:07:22,40
10219,13785704000169,DROGARIA ESPERANCA EIRELI 0219,DROGARIA ESPERANCA,10,GO,1,2024-10-13 16:31:48,50
10220,18923559000159,COMERCIAL POPULAR COMERCIO LTDA 0220,COMERCIAL POPULAR,4,GO,0,2018-03-07 05:59:31,30
10221,87311358000113,COMERCIAL VIDA COMERCIO LTDA 0221,COMERCIAL VIDA,4,MG,0,2019-09-17 04:01:49,40
10222,37059038000140,COMERCIAL NOVA ERA LTDA 0222,COMERCIAL NOVA,6,MG,0,2024-02-28 04:21:23,40
10223,09207581000101,DROGA CENTRAL EIRELI 0223,DROGA CENTRAL,2,MG,0,2023-10-26 11:55:43,20
10224,66153005000162,DROGA REAL ME 0224,DROGA REAL,6,GO,0,2015-07-17 10:29:00,40
10225,08276366000108,REDE REAL ME 0225,REDE REAL,8,MG,0,2025-11-26 05:15:06,40
10226,76267559000144,FARMACIA POPULAR COMERCIO LTDA 0226,FARMACIA POPULAR,6,MG,0,2017-03-20 08:26:01,40
10227,83567739000107,FARMA SAUDE ME 0227,FARMA SAUDE,8,MG,0,2015-07-21 13:54:43,40
10228,91002826000145,COMERCIAL SANTA CLARA COMERCIO LTDA 0228,COMERCIAL SANTA,15,MG,0,2021-06-04 17:32:40,30
10229,76608999000118,COMERCIAL SAO PEDRO COMERCIO LTDA 0229,COMERCIAL SAO,9,MG,0,2015-11-16 22:09:34,40
10230,28763696000127,COMERCIAL PLANALTO ME 0230,COMERCIAL PLANALTO,5,GO,0,2024-11-21 10:49:45,30
10231,45825007000180,FARMA IDEAL EIRELI 0231,FARMA IDEAL,3,MG,0,2023-09-02 05:53:18,40
10232,94170494000104,COMERCIAL SANTA CLARA COMERCIO LTDA 0232,COMERCIAL SANTA,14,MG,0,2017-11-08 22:32:56,40
10233,30768400000102,FARMACIA MODELO COMERCIO LTDA 0233,FARMACIA MODELO,10,MG,0,2022-05-20 13:21:59,40
10234,20353345000136,FARMACIA MODELO EIRELI 0234,FARMACIA MODELO,4,MG,0,2021-01-05 00:01:25,40
10235,66597039000146,COMERCIAL NOVA ERA LTDA 0235,COMERCIAL NOVA,10,MG,0,2025-03-03 23:33:02,20
10236,76295049000180,DROGA SAO PEDRO LTDA 0236,DROGA SAO,13,MG,0,2019-09-13 23:55:46,20
10237,38802779000131,DROGA ESPERANCA EIRELI 0237,DROGA ESPERANCA,16,MG,0,2018-07-14 03:43:10,40
10238,46555295000163,COMERCIAL UNIAO EIRELI 0238,COMERCIAL UNIAO,8,MG,1,2019-07-06 14:06:55,40
10239,82189162000184,COMERCIAL SAUDE LTDA 0239,COMERCIAL SAUDE,11,GO,0,2022-06-12 00:16:06,30
10240,59751361000112,DROGA ESTRELA LTDA 0240,DROGA ESTRELA,2,MG,0,2015-09-12 18:38:25,20
10241,95338215000123,COMERCIAL SAUDE LTDA 0241,COMERCIAL SAUDE,12,MG,0,2023-06-27 14:12:44,10
10242,77276816000177,DROGA REAL ME 0242,DROGA REAL,10,MG,0,2019-05-18 19:40:07,40
10243,26679813000143,FARMACIA PLANALTO EIRELI 0243,FARMACIA PLANALTO,7,MG,1,2026-02-16 13:10:23,10
10244,65422700000110,REDE SANTA CLARA ME 0244,REDE SANTA,17,MG,0,2023-08-08 02:21:14,50
10245,56528779000177,FARMA NOVA ERA EIRELI 0245,FARMA NOVA,5,GO,1,2018-05-19 21:20:35,30
10246,41328806000190,FARMA POPULAR ME 0246,FARMA POPULAR,4,MG,0,2015-12-04 13:41:51,40
10247,90315683000169,COMERCIAL MODELO EIRELI 0247,COMERCIAL MODELO,8,MG,0,2016-02-13 16:56:46,50
10248,82284086000196,FARMA SAO PEDRO EIRELI 0248,FARMA SAO,2,GO,0,2018-05-07 15:25:14,40
10249,84121833000109,DROGARIA ESTRELA EIRELI 0249,DROGARIA ESTRELA,9,GO,0,2020-08-15 06:28:39,30
10250,57080963000160,REDE MODELO EIRELI 0250,REDE MODELO,9,MG,0,2020-12-10 23:08:10,10
10251,53924475000130,COMERCIAL ESPERANCA COMERCIO LTDA 0251,COMERCIAL ESPERANCA,4,MG,0,2018-03-15 18:44:31,40
10252,03362119000100,REDE PLANALTO EIRELI 0252,REDE PLANALTO,1,GO,0,2025-05-22 01:08:21,40
10253,60923623000168,COMERCIAL POPULAR COMERCIO LTDA 0253,COMERCIAL POPULAR,8,MG,0,2026-01-02 17:03:04,30
10254,39383740000190,DROGA REAL LTDA 0254,DROGA REAL,12,GO,0,2023-02-06 23:56:32,30
10255,09602757000120,DROGARIA CENTRAL EIRELI 0255,DROGARIA CENTRAL,5,MG,0,2016-11-09 05:36:57,40
10256,02846070000190,DROGARIA VIDA ME 0256,DROGARIA VIDA,8,GO,0,2020-02-29 23:54:15,20
10257,24300807000108,FARMACIA MODELO COMERCIO LTDA 0257,FARMACIA MODELO,9,GO,,2023-02-09 19:22:24,30
10258,06015086000102,COMERCIAL PLANALTO COMERCIO LTDA 0258,COMERCIAL PLANALTO,12,MG,0,2025-07-23 01:33:14,40
10259,70056972000183,COMERCIAL SAUDE COMERCIO LTDA 0259,COMERCIAL SAUDE,10,GO,0,2016-02-09 20:48:29,10
10260,31602546000146,FARMA REAL EIRELI 0260,FARMA REAL,4,MG,1,2016-04-20 03:26:21,50
10261,89765984000105,COMERCIAL IDEAL ME 0261,COMERCIAL IDEAL,1,GO,0,2021-01-05 18:16:34,50
10262,71872360000121,FARMA ESPERANCA EIRELI 0262,FARMA ESPERANCA,15,MG,0,2026-03-19 18:58:32,40
10263,96412634000120,COMERCIAL IDEAL EIRELI 0263,COMERCIAL IDEAL,4,MG,0,2016-10-29 03:20:10,40
10264,33736895000186,FARMA SANTA CLARA ME 0264,FARMA SANTA,2,MG,0,2019-12-14 22:53:54,20
10265,29554294000185,FARMA POPULAR ME 0265,FARMA POPULAR,2,GO,0,2021-12-01 21:06:22,40
10266,30048302000109,DROGARIA PRIME ME 0266,DROGARIA PRIME,1,MG,0,2014-08-17 01:54:12,10
10267,67581445000183,REDE UNIAO LTDA 0267,REDE UNIAO,5,MG,0,2016-08-26 15:23:59,40
10268,16140014000140,FARMACIA UNIAO ME 0268,FARMACIA UNIAO,18,MG,1,2016-06-29 04:34:38,10
10269,84101943000109,FARMACIA SAO PEDRO EIRELI 0269,FARMACIA SAO,11,MG,0,2019-01-05 18:09:03,50
10270,01989557000160,FARMACIA PLANALTO EIRELI 0270,FARMACIA PLANALTO,5,MG,1,2020-03-23 14:23:27,10
10271,17718562000178,DROGARIA SAO PEDRO ME 0271,DROGARIA SAO,6,MG,0,2021-12-19 07:50:32,30
10272,14313355000145,DROGA ESPERANCA EIRELI 0272,DROGA ESPERANCA,1,MG,0,2024-09-23 16:38:15,30
10273,58715873000160,FARMACIA SANTA CLARA LTDA 0273,FARMACIA SANTA,1,MG,0,2025-03-01 16:46:10,10
10274,65616831000138,COMERCIAL REAL LTDA 0274,COMERCIAL REAL,5,MG,0,2019-04-14 13:33:29,30
10275,20850880000100,FARMA ESTRELA EIRELI 0275,FARMA ESTRELA,3,MG,0,2018-09-22 09:33:17,40
10276,91849655000194,REDE VIDA COMERCIO LTDA 0276,REDE VIDA,17,MG,,2016-07-12 07:07:51,40
10277,76027898000153,FARMACIA CENTRAL EIRELI 0277,FARMACIA CENTRAL,9,GO,0,2017-01-01 09:31:45,20
10278,98845328000103,COMERCIAL SAO PEDRO LTDA 0278,COMERCIAL SAO,15,MG,1,2015-06-21 11:56:54,40
10279,30770082000114,FARMA REAL LTDA 0279,FARMA REAL,16,MG,0,2020-08-22 14:48:59,30
10280,84875159000140,COMERCIAL ESTRELA LTDA 0280,COMERCIAL ESTRELA,16,MG,0,2024-11-23 20:56:15,10
10281,67100831000106,DROGA SAUDE LTDA 0281,DROGA SAUDE,3,MG,0,2026-05-19 14:16:24,10
10282,05001967000101,DROGA PLANALTO EIRELI 0282,DROGA PLANALTO,5,MG,0,2025-02-10 19:30:20,40
10283,77070633000109,REDE AURORA EIRELI 0283,REDE AURORA,7,GO,0,2018-10-03 00:09:40,40
10284,88491925000123,REDE REAL LTDA 0284,REDE REAL,15,MG,0,2019-01-26 13:15:50,40
10285,82642590000110,COMERCIAL PLANALTO ME 0285,COMERCIAL PLANALTO,4,MG,0,2017-03-12 16:14:00,40
10286,94953066000140,FARMA ESPERANCA COMERCIO LTDA 0286,FARMA ESPERANCA,7,GO,0,2018-08-26 09:24:32,40
10287,29294987000186,FARMA MODELO COMERCIO LTDA 0287,FARMA MODELO,6,GO,0,2020-10-18 23:01:03,30
10288,85946191000131,DROGA REAL EIRELI 0288,DROGA REAL,4,MG,0,2024-09-01 02:37:54,50
10289,62758123000143,DROGA IDEAL ME 0289,DROGA IDEAL,11,GO,1,2022-02-06 16:55:22,20
10290,21284865000105,FARMA POPULAR LTDA 0290,FARMA POPULAR,11,GO,0,2019-08-19 11:31:18,40
10291,57650981000130,DROGARIA REAL LTDA 0291,DROGARIA REAL,3,MG,0,2020-09-15 14:56:40,50
10292,33842353000198,COMERCIAL IDEAL ME 0292,COMERCIAL IDEAL,12,GO,0,2016-09-23 18:17:12,30
10293,49889314000186,DROGARIA PLANALTO EIRELI 0293,DROGARIA PLANALTO,9,GO,1,2022-01-31 09:38:26,40
10294,68783924000145,DROGARIA REAL EIRELI 0294,DROGARIA REAL,11,GO,0,2017-09-17 01:03:55,10
10295,61223633000153,COMERCIAL CENTRAL EIRELI 0295,COMERCIAL CENTRAL,14,MG,0,2020-07-29 03:26:12,10
10296,56227418000190,DROGA VIDA ME 0296,DROGA VIDA,10,MG,0,2024-08-29 07:41:38,20
10297,55744530000136,COMERCIAL HORIZONTE ME 0297,COMERCIAL HORIZONTE,3,GO,0,2017-01-02 02:33:11,20
10298,40672323000146,DROGA PLANALTO EIRELI 0298,DROGA PLANALTO,2,GO,0,2015-12-09 19:34:48,10
10299,05184685000197,DROGA ESPERANCA COMERCIO LTDA 0299,DROGA ESPERANCA,4,MG,0,2023-09-17 07:37:25,30
10300,29315838000156,REDE PLANALTO LTDA 0300,REDE PLANALTO,18,MG,0,2015-04-05 08:09:06,40
10301,02070194000127,DROGARIA BOM PRECO EIRELI 0301,DROGARIA BOM,9,MG,0,2021-11-24 07:09:03,40
10302,02660752000104,DROGA IDEAL LTDA 0302,DROGA IDEAL,10,MG,0,2018-10-10 09:09:13,40
10303,39650016000185,FARMACIA MODELO LTDA 0303,FARMACIA MODELO,6,MG,1,2023-08-04 02:06:11,50
10304,78837488000101,COMERCIAL SAO PEDRO LTDA 0304,COMERCIAL SAO,3,GO,0,2018-07-18 13:52:22,50
10305,86257175000102,FARMACIA MODELO COMERCIO LTDA 0305,FARMACIA MODELO,17,MG,0,2025-10-12 18:40:52,40
10306,77462410000189,DROGA BOM PRECO EIRELI 0306,DROGA BOM,8,GO,0,2025-10-19 11:24:00,30
10307,02757417000129,COMERCIAL PRIME LTDA 0307,COMERCIAL PRIME,10,MG,0,2024-11-04 13:55:06,30
10308,40328047000101,FARMACIA BOM PRECO LTDA 0308,FARMACIA BOM,2,MG,0,2016-05-21 23:42:58,20
10309,57344760000133,DROGA ESTRELA COMERCIO LTDA 0309,DROGA ESTRELA,3,MG,0,2019-05-19 16:20:11,50
10310,29519366000153,REDE ESTRELA COMERCIO LTDA 0310,REDE ESTRELA,8,GO,0,2018-11-06 12:35:43,30
10311,64021022000110,FARMACIA AURORA LTDA 0311,FARMACIA AURORA,9,MG,0,2021-02-05 15:34:25,40
10312,95818520000112,FARMA VIDA EIRELI 0312,FARMA VIDA,12,MG,0,2021-12-20 22:27:23,40
10313,15505735000144,REDE NOVA ERA LTDA 0313,REDE NOVA,16,MG,0,2022-03-01 18:26:39,40
10314,32047690000120,FARMA CENTRAL LTDA 0314,FARMA CENTRAL,8,MG,0,2023-12-24 09:55:47,40
10315,47675202000105,DROGA UNIAO ME 0315,DROGA UNIAO,4,GO,0,2015-01-29 23:01:06,40
10316,77400480000102,DROGA PRIME LTDA 0316,DROGA PRIME,9,MG,0,2019-02-13 19:18:10,30
10317,23821181000112,FARMA REAL ME 0317,FARMA REAL,1,GO,0,2016-07-22 14:52:57,30
10318,59478429000131,FARMA PLANALTO ME 0318,FARMA PLANALTO,3,GO,,2024-05-11 10:02:45,10
10319,75899673000124,REDE IDEAL LTDA 0319,REDE IDEAL,17,MG,0,2024-09-05 15:55:10,20
10320,56084855000100,COMERCIAL CENTRAL COMERCIO LTDA 0320,COMERCIAL CENTRAL,13,MG,0,2017-05-23 12:43:41,40
10321,95367442000187,FARMA POPULAR EIRELI 0321,FARMA POPULAR,1,GO,0,2016-09-15 07:19:04,40
10322,19657525000122,FARMA MODELO COMERCIO LTDA 0322,FARMA MODELO,10,GO,0,2023-07-14 19:53:15,40
10323,09181368000178,DROGARIA MODELO LTDA 0323,DROGARIA MODELO,10,MG,0,2024-02-23 02:14:14,40
10324,97710052000193,FARMACIA ESTRELA EIRELI 0324,FARMACIA ESTRELA,6,GO,0,2016-09-14 08:01:47,40
10325,33044611000190,FARMA VIDA ME 0325,FARMA VIDA,2,GO,0,2026-06-08 23:46:02,40
10326,02616496000158,REDE MODELO LTDA 0326,REDE MODELO,14,MG,0,2019-10-03 15:01:04,10
10327,19498954000102,DROGA PRIME ME 0327,DROGA PRIME,13,MG,0,2019-10-13 05:16:59,10
10328,67239842000171,FARMACIA POPULAR LTDA 0328,FARMACIA POPULAR,11,MG,1,2023-03-09 08:09:06,40
10329,29504525000146,REDE UNIAO EIRELI 0329,REDE UNIAO,17,MG,0,2018-01-02 06:19:51,40
10330,77294666000124,COMERCIAL SAUDE ME 0330,COMERCIAL SAUDE,12,MG,0,2019-07-25 07:33:25,30
10331,63885308000181,FARMACIA SANTA CLARA ME 0331,FARMACIA SANTA,4,MG,0,2024-04-23 02:58:35,40
10332,43074916000107,REDE SAUDE LTDA 0332,REDE SAUDE,6,MG,0,2022-07-01 05:47:44,30
10333,59777145000146,COMERCIAL HORIZONTE COMERCIO LTDA 0333,COMERCIAL HORIZONTE,6,MG,0,2015-12-30 09:28:57,50
10334,64910084000183,COMERCIAL PRIME EIRELI 0334,COMERCIAL PRIME,15,MG,0,2023-10-19 09:25:42,20
10335,55892506000144,FARMA POPULAR COMERCIO LTDA 0335,FARMA POPULAR,3,GO,0,2018-02-04 17:30:09,30
10336,25163659000190,COMERCIAL NOVA ERA EIRELI 0336,COMERCIAL NOVA,15,MG,0,2016-05-21 05:15:45,20
10337,69453368000101,DROGA AURORA LTDA 0337,DROGA AURORA,2,MG,0,2026-02-09 17:05:16,10
10338,79575843000176,FARMA ESTRELA LTDA 0338,FARMA ESTRELA,5,GO,0,2026-02-12 07:37:53,50
10339,14151530000145,DROGA NOVA ERA LTDA 0339,DROGA NOVA,1,GO,0,2022-03-23 17:32:50,50
10340,54420006000147,REDE AURORA COMERCIO LTDA 0340,REDE AURORA,3,MG,0,2024-02-13 00:48:12,40
10341,04900642000106,REDE PLANALTO LTDA 0341,REDE PLANALTO,15,MG,0,2023-03-07 13:56:27,40
10342,13564892000103,REDE UNIAO EIRELI 0342,REDE UNIAO,15,MG,0,2017-01-22 17:06:48,30
10343,61771863000157,FARMA AURORA ME 0343,FARMA AURORA,10,GO,0,2023-01-18 22:24:28,50
10344,19568929000140,FARMA VIDA EIRELI 0344,FARMA VIDA,1,GO,0,2020-05-19 05:39:47,40
10345,10797216000183,REDE BOM PRECO LTDA 0345,REDE BOM,3,MG,0,2020-10-18 20:20:15,40
10346,60630192000141,COMERCIAL ESTRELA COMERCIO LTDA 0346,COMERCIAL ESTRELA,8,MG,0,2015-04-24 13:26:16,20
10347,69542796000100,REDE BOM PRECO EIRELI 0347,REDE BOM,17,MG,0,2022-10-13 17:07:00,50
10348,56798144000190,DROGA MODELO COMERCIO LTDA 0348,DROGA MODELO,6,GO,0,2014-12-19 11:04:30,50
10349,41145086000128,COMERCIAL CENTRAL EIRELI 0349,COMERCIAL CENTRAL,6,GO,1,2020-09-03 06:35:13,40
10350,39675344000136,DROGA VIDA COMERCIO LTDA 0350,DROGA VIDA,3,MG,0,2015-06-03 10:26:08,50
10351,02549882000174,DROGA SAUDE EIRELI 0351,DROGA SAUDE,5,GO,0,2024-05-08 02:13:33,50
10352,92599610000171,DROGARIA SAUDE EIRELI 0352,DROGARIA SAUDE,999,GO,0,2025-10-08 03:45:02,50
10353,36842719000117,COMERCIAL MODELO ME 0353,COMERCIAL MODELO,10,MG,0,2016-08-31 14:08:34,40
10354,87227820000107,DROGA PLANALTO COMERCIO LTDA 0354,DROGA PLANALTO,3,MG,0,2014-09-29 15:03:31,50
10355,70828530000108,FARMACIA AURORA LTDA 0355,FARMACIA AURORA,11,MG,0,2025-06-10 13:13:11,40
10356,70209075000162,COMERCIAL REAL EIRELI 0356,COMERCIAL REAL,11,GO,0,2025-01-26 11:22:38,10
10357,58754851000100,DROGA NOVA ERA ME 0357,DROGA NOVA,1,GO,0,2018-09-10 22:47:28,40
10358,67727596000105,DROGA HORIZONTE ME 0358,DROGA HORIZONTE,7,MG,0,2020-10-05 07:31:59,50
10359,81450195000173,FARMACIA SAUDE LTDA 0359,FARMACIA SAUDE,4,GO,0,2023-02-27 10:22:01,20
10360,32241859000189,DROGARIA AURORA LTDA 0360,DROGARIA AURORA,10,MG,0,2026-01-26 12:31:40,
10361,13546147000123,REDE SAUDE COMERCIO LTDA 0361,REDE SAUDE,11,MG,0,2017-09-27 12:27:15,40
10362,95594338000125,FARMACIA BOM PRECO ME 0362,FARMACIA BOM,5,MG,0,2021-09-25 06:33:18,
10363,90206523000181,DROGARIA REAL EIRELI 0363,DROGARIA REAL,15,MG,0,2025-11-12 18:36:20,30
10364,30938988000103,FARMA NOVA ERA COMERCIO LTDA 0364,FARMA NOVA,8,MG,0,2021-05-24 03:18:52,20
10365,02318695000180,REDE ESPERANCA EIRELI 0365,REDE ESPERANCA,8,MG,0,2018-09-24 07:14:34,30
10366,86686352000168,FARMACIA IDEAL COMERCIO LTDA 0366,FARMACIA IDEAL,16,MG,0,2015-11-21 03:08:30,
10367,36181513000193,DROGA MODELO COMERCIO LTDA 0367,DROGA MODELO,15,MG,0,2018-08-01 08:35:53,40
10368,53582684000143,FARMACIA SAUDE EIRELI 0368,FARMACIA SAUDE,3,GO,0,2022-06-21 22:29:29,10
10369,07727595000120,COMERCIAL HORIZONTE EIRELI 0369,COMERCIAL HORIZONTE,2,MG,0,2026-03-17 07:51:23,30
10370,17406476000120,DROGARIA AURORA LTDA 0370,DROGARIA AURORA,9,GO,0,2014-11-10 11:51:13,40
10371,85889151000103,DROGARIA BOM PRECO EIRELI 0371,DROGARIA BOM,10,MG,0,2016-01-23 07:42:49,40
10372,98470507000103,REDE SAUDE COMERCIO LTDA 0372,REDE SAUDE,15,MG,0,2021-02-02 09:55:52,10
10373,20064871000186,FARMACIA ESTRELA EIRELI 0373,FARMACIA ESTRELA,2,GO,0,2024-11-08 11:33:19,40
10374,22174220000174,FARMA CENTRAL COMERCIO LTDA 0374,FARMA CENTRAL,1,MG,0,2020-11-11 06:35:49,30
10375,03769920000167,REDE IDEAL ME 0375,REDE IDEAL,999,GO,0,2020-10-14 17:22:42,40
10376,55308817000113,DROGARIA IDEAL ME 0376,DROGARIA IDEAL,7,GO,0,2017-11-11 15:12:24,
10377,79879665000177,DROGA VIDA EIRELI 0377,DROGA VIDA,1,GO,1,2018-12-10 16:19:42,10
10378,74219842000175,FARMACIA CENTRAL EIRELI 0378,FARMACIA CENTRAL,5,MG,0,2023-10-18 23:18:18,40
10379,79882711000197,COMERCIAL SAUDE COMERCIO LTDA 0379,COMERCIAL SAUDE,16,MG,0,2016-10-02 08:46:05,40
10380,25465226000199,REDE SAO PEDRO LTDA 0380,REDE SAO,8,GO,0,2026-03-30 13:58:24,30
10381,23214635000197,DROGA UNIAO ME 0381,DROGA UNIAO,1,GO,0,2025-10-30 11:26:40,30
10382,02044032000114,COMERCIAL AURORA COMERCIO LTDA 0382,COMERCIAL AURORA,9,GO,0,2017-10-29 13:07:54,30
10383,71647848000155,DROGA ESPERANCA EIRELI 0383,DROGA ESPERANCA,2,GO,0,2021-03-05 19:15:48,40
10384,14689338000107,DROGARIA ESPERANCA COMERCIO LTDA 0384,DROGARIA ESPERANCA,4,MG,0,2016-07-13 01:59:38,40
10385,04170787000190,DROGARIA VIDA COMERCIO LTDA 0385,DROGARIA VIDA,15,MG,1,2022-09-14 03:24:53,40
10386,57704724000133,DROGARIA AURORA ME 0386,DROGARIA AURORA,18,MG,0,2025-11-23 06:43:57,30
10387,79473832000185,FARMACIA NOVA ERA COMERCIO LTDA 0387,FARMACIA NOVA,12,GO,0,2023-04-17 21:19:40,40
10388,34945018000188,REDE IDEAL ME 0388,REDE IDEAL,1,MG,0,2016-03-06 11:05:56,40
10389,06737822000136,FARMACIA POPULAR EIRELI 0389,FARMACIA POPULAR,14,MG,0,2018-09-16 23:11:48,30
10390,76103126000153,REDE PLANALTO LTDA 0390,REDE PLANALTO,3,MG,0,2025-03-08 21:49:23,30
10391,48919125000146,FARMA CENTRAL COMERCIO LTDA 0391,FARMA CENTRAL,13,MG,0,2020-11-16 10:38:10,10
10392,35854985000105,DROGA SAO PEDRO EIRELI 0392,DROGA SAO,12,MG,0,2019-06-07 01:33:54,50
10393,60049070000166,DROGA ESPERANCA LTDA 0393,DROGA ESPERANCA,3,MG,0,2015-02-07 15:27:29,40
10394,49981377000168,FARMACIA CENTRAL EIRELI 0394,FARMACIA CENTRAL,11,MG,0,2025-08-23 21:59:28,50
10395,91446857000195,DROGA BOM PRECO COMERCIO LTDA 0395,DROGA BOM,18,MG,1,2020-08-05 07:34:47,50
10396,54451526000117,COMERCIAL BOM PRECO ME 0396,COMERCIAL BOM,16,MG,0,2015-07-12 09:48:23,40
10397,47424637000179,COMERCIAL ESTRELA LTDA 0397,COMERCIAL ESTRELA,3,MG,1,2026-07-25 12:58:25,40
10398,16671368000111,FARMACIA CENTRAL ME 0398,FARMACIA CENTRAL,10,MG,0,2016-10-15 14:14:48,50
10399,33035116000115,DROGA NOVA ERA COMERCIO LTDA 0399,DROGA NOVA,2,MG,0,2022-04-30 06:35:54,40
10400,54666052000120,FARMA SANTA CLARA LTDA 0400,FARMA SANTA,18,MG,0,2024-12-04 02:04:54,20
10401,24963452000137,DROGA IDEAL LTDA 0401,DROGA IDEAL,7,MG,0,2021-10-07 07:02:27,20
10402,61957633000187,DROGA SANTA CLARA LTDA 0402,DROGA SANTA,11,GO,0,2018-06-06 09:18:00,40
10403,54526624000176,FARMA MODELO COMERCIO LTDA 0403,FARMA MODELO,6,GO,0,2018-06-11 05:24:02,50
10404,27953851000105,DROGA BOM PRECO COMERCIO LTDA 0404,DROGA BOM,13,MG,0,2025-04-02 04:19:02,30
10405,47165914000176,FARMA IDEAL EIRELI 0405,FARMA IDEAL,12,GO,0,2025-01-11 07:46:31,50
10406,37325786000127,COMERCIAL REAL LTDA 0406,COMERCIAL REAL,3,MG,0,2024-10-03 05:11:12,30
10407,48302569000138,REDE BOM PRECO EIRELI 0407,REDE BOM,7,GO,0,2026-05-12 15:09:36,40
10408,62896292000140,DROGARIA POPULAR EIRELI 0408,DROGARIA POPULAR,11,MG,0,2021-07-12 05:28:02,40
10409,22300303000162,DROGA NOVA ERA COMERCIO LTDA 0409,DROGA NOVA,11,GO,0,2015-05-06 11:40:21,20
10410,14527839000197,FARMACIA ESTRELA EIRELI 0410,FARMACIA ESTRELA,14,MG,1,2025-08-03 13:58:19,50
10411,29214038000149,DROGARIA IDEAL COMERCIO LTDA 0411,DROGARIA IDEAL,8,GO,0,2021-10-19 15:11:40,30
10412,42562761000187,COMERCIAL CENTRAL LTDA 0412,COMERCIAL CENTRAL,5,GO,0,2026-07-11 08:28:35,40
10413,12977102000140,DROGA AURORA ME 0413,DROGA AURORA,13,MG,0,2017-01-02 05:38:19,40
10414,36367443000162,FARMACIA ESTRELA LTDA 0414,FARMACIA ESTRELA,1,MG,0,2020-12-27 21:05:55,40
10415,31387158000190,DROGARIA ESPERANCA EIRELI 0415,DROGARIA ESPERANCA,5,MG,,2023-12-11 12:35:42,10
10416,88916982000107,FARMA CENTRAL ME 0416,FARMA CENTRAL,6,GO,0,2016-05-20 23:58:24,30
10417,50517193000120,DROGA IDEAL COMERCIO LTDA 0417,DROGA IDEAL,15,MG,0,2023-01-03 13:11:28,40
10418,43249559000162,REDE SAUDE EIRELI 0418,REDE SAUDE,3,MG,0,2017-06-19 12:04:34,30
10419,40890457000133,DROGA SANTA CLARA ME 0419,DROGA SANTA,13,MG,0,2019-07-17 13:57:08,20
10420,15069668000162,DROGARIA BOM PRECO COMERCIO LTDA 0420,DROGARIA BOM,4,MG,0,2019-12-25 08:44:40,30
10421,82556831000109,FARMA PLANALTO LTDA 0421,FARMA PLANALTO,9,GO,1,2017-03-13 10:48:46,40
10422,04566531000105,DROGA ESTRELA ME 0422,DROGA ESTRELA,9,MG,0,2024-04-27 18:24:03,40
10423,99162343000110,COMERCIAL HORIZONTE ME 0423,COMERCIAL HORIZONTE,10,MG,0,2019-10-01 12:11:07,50
10424,67923380000107,FARMACIA POPULAR COMERCIO LTDA 0424,FARMACIA POPULAR,4,MG,0,2025-01-22 00:55:23,40
10425,02304355000108,COMERCIAL ESTRELA LTDA 0425,COMERCIAL ESTRELA,6,MG,0,2025-04-26 15:37:13,40
10426,53272183000160,COMERCIAL IDEAL LTDA 0426,COMERCIAL IDEAL,11,MG,0,2021-12-01 15:34:20,40
10427,00595465000132,REDE NOVA ERA EIRELI 0427,REDE NOVA,9,GO,1,2017-07-13 04:36:38,10
10428,53576267000198,COMERCIAL BOM PRECO EIRELI 0428,COMERCIAL BOM,6,MG,0,2019-03-10 17:29:28,
10429,56181243000128,FARMACIA VIDA ME 0429,FARMACIA VIDA,9,GO,0,2016-01-16 05:00:28,40
10430,37934542000141,FARMACIA HORIZONTE LTDA 0430,FARMACIA HORIZONTE,5,MG,1,2016-08-12 20:51:50,40
10431,17491003000178,REDE IDEAL COMERCIO LTDA 0431,REDE IDEAL,12,MG,0,2019-01-26 10:25:53,10
10432,63174652000162,FARMACIA POPULAR LTDA 0432,FARMACIA POPULAR,18,MG,0,2016-11-20 14:15:24,40
10433,02680460000133,FARMA HORIZONTE COMERCIO LTDA 0433,FARMA HORIZONTE,10,MG,0,2016-03-27 10:00:22,40
10434,96354188000145,REDE POPULAR ME 0434,REDE POPULAR,14,MG,0,2024-06-21 10:14:21,40
10435,68884397000165,COMERCIAL POPULAR COMERCIO LTDA 0435,COMERCIAL POPULAR,11,MG,0,2020-04-03 22:57:07,40
10436,91711765000195,COMERCIAL AURORA EIRELI 0436,COMERCIAL AURORA,15,MG,0,2026-03-14 23:40:04,30
10437,39623280000120,REDE BOM PRECO ME 0437,REDE BOM,5,MG,0,2025-11-13 18:17:51,40
10438,62919234000194,REDE CENTRAL LTDA 0438,REDE CENTRAL,14,MG,0,2018-11-19 15:10:24,
10439,73407688000100,FARMACIA NOVA ERA ME 0439,FARMACIA NOVA,17,MG,0,2015-07-08 22:01:50,10
10440,37224143000197,DROGA ESPERANCA EIRELI 0440,DROGA ESPERANCA,6,MG,0,2016-04-30 08:15:04,40
10441,75823067000125,DROGA POPULAR EIRELI 0441,DROGA POPULAR,9,GO,0,2022-12-06 01:00:58,30
10442,39653463000198,COMERCIAL PLANALTO EIRELI 0442,COMERCIAL PLANALTO,4,GO,0,2022-02-01 15:37:21,40
10443,47080351000113,COMERCIAL NOVA ERA LTDA 0443,COMERCIAL NOVA,3,GO,0,2019-09-12 22:50:38,50
10444,68228697000196,COMERCIAL BOM PRECO ME 0444,COMERCIAL BOM,9,GO,0,2023-05-26 17:19:04,30
10445,43890414000146,COMERCIAL PRIME LTDA 0445,COMERCIAL PRIME,6,MG,1,2018-01-14 22:19:27,40
10446,63711537000180,DROGARIA CENTRAL EIRELI 0446,DROGARIA CENTRAL,1,MG,0,2020-10-08 16:21:48,
10447,77243019000193,REDE REAL LTDA 0447,REDE REAL,7,MG,0,2022-10-25 07:56:55,40
10448,99286916000117,COMERCIAL PLANALTO EIRELI 0448,COMERCIAL PLANALTO,16,MG,0,2025-08-20 22:22:45,10
10449,19710138000102,FARMA ESPERANCA COMERCIO LTDA 0449,FARMA ESPERANCA,10,MG,0,2020-08-25 19:55:10,10
10450,10055781000175,FARMA POPULAR LTDA 0450,FARMA POPULAR,5,GO,0,2023-05-25 12:53:51,30
10451,00177203000158,FARMA REAL COMERCIO LTDA 0451,FARMA REAL,3,GO,0,2022-04-05 16:26:51,10
10452,99601920000122,FARMACIA PRIME ME 0452,FARMACIA PRIME,8,GO,0,2024-04-13 14:30:09,10
10453,87881646000103,COMERCIAL PRIME EIRELI 0453,COMERCIAL PRIME,11,MG,1,2019-12-25 00:44:08,30
10454,92052816000187,FARMACIA IDEAL LTDA 0454,FARMACIA IDEAL,13,MG,0,2023-07-08 21:58:23,30
10455,84165047000103,FARMACIA ESTRELA LTDA 0455,FARMACIA ESTRELA,11,MG,0,2020-08-25 20:54:58,40
10456,42446028000105,FARMA ESPERANCA ME 0456,FARMA ESPERANCA,9,MG,0,2018-06-30 15:12:08,40
10457,54837422000145,DROGARIA NOVA ERA COMERCIO LTDA 0457,DROGARIA NOVA,4,MG,0,2025-07-19 19:32:41,40
10458,50976761000151,REDE REAL ME 0458,REDE REAL,999,MG,0,2021-11-06 00:59:02,40
10459,33621292000139,DROGA PRIME ME 0459,DROGA PRIME,6,MG,0,2020-01-10 20:53:04,50
10460,20180653000107,FARMA AURORA COMERCIO LTDA 0460,FARMA AURORA,6,MG,0,2018-12-08 17:40:12,20
10461,75397774000105,DROGA HORIZONTE LTDA 0461,DROGA HORIZONTE,16,MG,0,2024-12-01 11:14:16,40
10462,05952669000105,FARMA AURORA COMERCIO LTDA 0462,FARMA AURORA,3,MG,0,2025-12-21 06:38:12,40
10463,45004554000103,FARMACIA IDEAL LTDA 0463,FARMACIA IDEAL,8,MG,0,2019-12-28 21:50:59,50
10464,18969064000160,DROGA HORIZONTE COMERCIO LTDA 0464,DROGA HORIZONTE,1,GO,0,2025-01-09 05:26:39,40
10465,06324719000164,REDE SAO PEDRO LTDA 0465,REDE SAO,10,MG,1,2021-12-24 18:26:58,40
10466,61767032000101,FARMACIA SANTA CLARA EIRELI 0466,FARMACIA SANTA,14,MG,0,2019-08-14 04:20:55,10
10467,51332927000160,DROGA CENTRAL COMERCIO LTDA 0467,DROGA CENTRAL,13,MG,0,2022-01-15 03:08:54,50
10468,50296925000108,REDE PLANALTO ME 0468,REDE PLANALTO,1,GO,0,2025-07-04 06:59:04,
10469,55195273000120,REDE NOVA ERA LTDA 0469,REDE NOVA,6,GO,0,2025-04-08 05:29:24,40
10470,19718250000190,REDE ESTRELA EIRELI 0470,REDE ESTRELA,7,GO,0,2019-01-04 18:11:54,10
10471,08380080000160,FARMACIA VIDA COMERCIO LTDA 0471,FARMACIA VIDA,4,MG,0,2015-11-03 16:00:26,50
10472,95399661000148,DROGA PLANALTO EIRELI 0472,DROGA PLANALTO,6,GO,0,2022-01-04 14:47:09,10
10473,06898787000137,FARMACIA AURORA COMERCIO LTDA 0473,FARMACIA AURORA,5,MG,0,2018-07-13 01:32:40,40
10474,94996960000105,DROGARIA CENTRAL LTDA 0474,DROGARIA CENTRAL,17,MG,0,2022-05-17 18:23:31,40
10475,19949092000189,COMERCIAL PRIME COMERCIO LTDA 0475,COMERCIAL PRIME,5,MG,0,2025-07-14 12:09:36,40
10476,50060293000170,FARMA SAUDE ME 0476,FARMA SAUDE,17,MG,1,2015-01-06 17:58:46,20
10477,71882953000179,REDE PRIME ME 0477,REDE PRIME,6,GO,0,2023-07-03 19:59:20,30
10478,91852078000190,REDE NOVA ERA EIRELI 0478,REDE NOVA,13,MG,0,2017-04-02 20:41:14,50
10479,21665695000109,REDE PLANALTO COMERCIO LTDA 0479,REDE PLANALTO,9,GO,0,2025-02-12 04:05:19,20
10480,77830378000147,FARMA SAO PEDRO EIRELI 0480,FARMA SAO,10,MG,0,2022-06-26 08:08:20,40
10481,23456384000157,COMERCIAL VIDA COMERCIO LTDA 0481,COMERCIAL VIDA,11,MG,0,2020-09-25 10:03:08,30
10482,88283366000166,COMERCIAL SAO PEDRO COMERCIO LTDA 0482,COMERCIAL SAO,10,MG,0,2023-03-21 12:25:53,40
10483,36514187000199,COMERCIAL ESPERANCA LTDA 0483,COMERCIAL ESPERANCA,9,MG,0,2021-02-28 22:32:14,30
10484,02688565000139,FARMACIA AURORA COMERCIO LTDA 0484,FARMACIA AURORA,16,MG,0,2025-11-11 23:03:59,10
10485,48471121000148,COMERCIAL ESPERANCA LTDA 0485,COMERCIAL ESPERANCA,5,MG,1,2026-06-18 16:09:09,40
10486,17922322000190,COMERCIAL VIDA ME 0486,COMERCIAL VIDA,10,GO,0,2021-02-12 14:34:38,40
10487,01985355000140,FARMA PRIME COMERCIO LTDA 0487,FARMA PRIME,1,GO,1,2023-06-20 20:13:34,20
10488,08717784000185,FARMA UNIAO COMERCIO LTDA 0488,FARMA UNIAO,5,MG,0,2024-09-25 04:56:33,10
10489,52625567000157,REDE HORIZONTE LTDA 0489,REDE HORIZONTE,9,GO,0,2021-05-17 02:30:54,50
10490,35415878000172,FARMACIA AURORA ME 0490,FARMACIA AURORA,12,GO,0,2016-03-28 17:55:28,
10491,12536698000143,DROGA HORIZONTE COMERCIO LTDA 0491,DROGA HORIZONTE,9,GO,0,2015-09-17 06:25:14,30
10492,05653769000122,FARMACIA ESTRELA EIRELI 0492,FARMACIA ESTRELA,6,GO,0,2020-03-24 06:20:26,
10493,13380019000152,DROGA SANTA CLARA COMERCIO LTDA 0493,DROGA SANTA,18,MG,0,2018-09-25 02:02:19,40
10494,83075491000167,FARMACIA SANTA CLARA EIRELI 0494,FARMACIA SANTA,7,MG,0,2020-07-16 14:33:05,40
10495,56366635000161,DROGA NOVA ERA ME 0495,DROGA NOVA,8,MG,0,2026-03-12 03:14:21,40
10496,90375980000108,DROGA HORIZONTE EIRELI 0496,DROGA HORIZONTE,16,MG,0,2015-02-01 11:11:23,50
10497,59837083000110,COMERCIAL SANTA CLARA EIRELI 0497,COMERCIAL SANTA,9,GO,0,2024-11-25 03:27:33,10
10498,87949587000168,REDE PLANALTO COMERCIO LTDA 0498,REDE PLANALTO,2,GO,0,2023-09-09 10:41:28,20
10499,20421209000136,DROGA SAUDE EIRELI 0499,DROGA SAUDE,7,GO,0,2016-03-02 04:56:35,50
10500,18975438000150,DROGA POPULAR EIRELI 0500,DROGA POPULAR,1,GO,0,2026-06-30 19:08:55,40
10501,02309165000175,COMERCIAL SANTA CLARA COMERCIO LTDA 0501,COMERCIAL SANTA,15,MG,0,2019-04-14 18:29:36,40
10502,34720251000162,FARMACIA PLANALTO EIRELI 0502,FARMACIA PLANALTO,4,GO,0,2024-07-08 07:58:40,40
10503,63801801000176,COMERCIAL SANTA CLARA ME 0503,COMERCIAL SANTA,9,GO,,2016-01-17 12:33:47,40
10504,17600106000129,REDE ESPERANCA ME 0504,REDE ESPERANCA,4,MG,0,2015-11-18 05:47:46,40
10505,71582874000142,COMERCIAL AURORA ME 0505,COMERCIAL AURORA,2,MG,1,2019-02-28 03:21:01,40
10506,29540743000136,FARMACIA CENTRAL LTDA 0506,FARMACIA CENTRAL,11,GO,0,2020-10-05 09:11:01,10
10507,90235290000145,DROGA HORIZONTE LTDA 0507,DROGA HORIZONTE,14,MG,,2016-02-29 16:29:08,30
10508,39618114000135,DROGARIA PLANALTO ME 0508,DROGARIA PLANALTO,5,MG,0,2017-11-16 07:54:02,30
10509,79877827000138,COMERCIAL HORIZONTE COMERCIO LTDA 0509,COMERCIAL HORIZONTE,14,MG,0,2019-05-02 18:33:33,40
10510,26059315000106,DROGA PRIME EIRELI 0510,DROGA PRIME,7,MG,0,2017-10-15 00:05:40,10
10511,63747429000167,DROGARIA POPULAR ME 0511,DROGARIA POPULAR,11,GO,0,2022-07-07 23:32:36,40
10512,66610707000128,COMERCIAL CENTRAL ME 0512,COMERCIAL CENTRAL,9,GO,0,2026-04-01 12:40:03,
10513,01447619000101,FARMACIA CENTRAL COMERCIO LTDA 0513,FARMACIA CENTRAL,14,MG,0,2020-12-31 11:39:47,30
10514,70290185000100,FARMACIA NOVA ERA LTDA 0514,FARMACIA NOVA,8,GO,0,2020-02-02 20:14:47,20
10515,75444922000197,DROGA VIDA EIRELI 0515,DROGA VIDA,1,GO,0,2014-12-17 08:19:36,40
10516,49498824000122,FARMA PLANALTO COMERCIO LTDA 0516,FARMA PLANALTO,10,MG,0,2021-05-07 11:15:54,40
10517,01171150000120,REDE ESTRELA EIRELI 0517,REDE ESTRELA,5,MG,0,2018-10-18 00:32:05,40
10518,39599681000191,DROGARIA PRIME ME 0518,DROGARIA PRIME,4,GO,0,2020-02-19 10:18:19,30
10519,20184010000131,COMERCIAL SANTA CLARA ME 0519,COMERCIAL SANTA,15,MG,0,2023-03-19 10:52:43,40
10520,66174037000144,COMERCIAL PRIME EIRELI 0520,COMERCIAL PRIME,1,MG,1,2019-04-20 17:27:05,
10521,48579989000166,FARMACIA MODELO COMERCIO LTDA 0521,FARMACIA MODELO,7,MG,0,2017-02-06 23:14:43,40
10522,94856137000196,DROGA POPULAR COMERCIO LTDA 0522,DROGA POPULAR,9,GO,0,2019-10-14 23:09:48,30
10523,81160505000115,FARMACIA SAUDE COMERCIO LTDA 0523,FARMACIA SAUDE,4,MG,0,2018-06-16 20:18:09,20
10524,41887524000123,FARMACIA SAO PEDRO EIRELI 0524,FARMACIA SAO,6,GO,0,2017-11-27 02:38:15,50
10525,63415758000100,FARMACIA ESTRELA EIRELI 0525,FARMACIA ESTRELA,13,MG,0,2024-12-23 09:05:49,40
10526,76976917000198,DROGA SAO PEDRO EIRELI 0526,DROGA SAO,6,GO,0,2019-08-10 17:26:57,50
10527,26954198000136,COMERCIAL ESPERANCA LTDA 0527,COMERCIAL ESPERANCA,12,MG,0,2024-08-02 11:19:45,40
10528,37826232000103,FARMA NOVA ERA ME 0528,FARMA NOVA,4,MG,0,2017-12-01 01:14:18,50
10529,28521199000112,COMERCIAL AURORA EIRELI 0529,COMERCIAL AURORA,7,GO,0,2019-10-03 18:04:28,40
10530,51055881000189,COMERCIAL NOVA ERA EIRELI 0530,COMERCIAL NOVA,4,MG,0,2015-05-16 18:12:56,40
10531,22403754000125,REDE ESPERANCA ME 0531,REDE ESPERANCA,999,MG,0,2015-11-29 05:00:36,50
10532,65664720000105,FARMA SAUDE COMERCIO LTDA 0532,FARMA SAUDE,3,GO,0,2021-12-09 16:34:54,50
10533,05955631000188,FARMA PLANALTO COMERCIO LTDA 0533,FARMA PLANALTO,12,MG,0,2021-09-04 10:35:56,40
10534,80126540000155,COMERCIAL UNIAO ME 0534,COMERCIAL UNIAO,18,MG,0,2020-08-26 19:13:23,40
10535,70785079000199,REDE POPULAR COMERCIO LTDA 0535,REDE POPULAR,11,GO,0,2022-10-09 23:38:39,40
10536,77874067000180,COMERCIAL IDEAL LTDA 0536,COMERCIAL IDEAL,9,GO,0,2017-04-09 20:38:39,30
10537,40498770000120,DROGARIA PLANALTO ME 0537,DROGARIA PLANALTO,4,MG,0,2026-06-19 10:08:39,30
10538,65138006000175,REDE SAUDE ME 0538,REDE SAUDE,10,GO,1,2026-04-03 15:42:33,30
10539,81089206000131,REDE ESTRELA LTDA 0539,REDE ESTRELA,11,MG,0,2019-11-15 12:47:42,40
10540,59672330000176,COMERCIAL HORIZONTE LTDA 0540,COMERCIAL HORIZONTE,7,MG,0,2021-08-19 00:19:25,20
10541,12022493000140,FARMA CENTRAL COMERCIO LTDA 0541,FARMA CENTRAL,17,MG,0,2026-03-12 06:30:31,30
10542,71219756000174,REDE REAL COMERCIO LTDA 0542,REDE REAL,5,MG,0,2023-01-09 22:13:55,40
10543,39081134000110,DROGARIA PLANALTO COMERCIO LTDA 0543,DROGARIA PLANALTO,10,GO,0,2017-09-04 08:32:54,50
10544,99675756000106,COMERCIAL SAO PEDRO COMERCIO LTDA 0544,COMERCIAL SAO,10,MG,0,2024-10-24 12:41:44,20
10545,69749093000158,DROGARIA UNIAO LTDA 0545,DROGARIA UNIAO,5,GO,0,2021-12-19 05:28:27,40
10546,93562764000151,FARMA IDEAL LTDA 0546,FARMA IDEAL,2,MG,0,2024-05-31 00:44:31,10
10547,03819231000110,DROGARIA POPULAR COMERCIO LTDA 0547,DROGARIA POPULAR,9,GO,0,2019-10-15 01:57:09,10
10548,45111971000147,DROGA REAL ME 0548,DROGA REAL,1,GO,0,2020-07-23 17:09:53,10
10549,60299655000134,COMERCIAL REAL EIRELI 0549,COMERCIAL REAL,5,MG,0,2017-07-23 00:04:08,30
10550,51973703000137,FARMA MODELO COMERCIO LTDA 0550,FARMA MODELO,13,MG,1,2017-04-04 19:01:09,40
10551,09913765000197,COMERCIAL PLANALTO ME 0551,COMERCIAL PLANALTO,3,MG,0,2014-10-03 01:43:40,10
10552,84378318000109,DROGA VIDA ME 0552,DROGA VIDA,11,GO,0,2026-06-08 13:00:42,50
10553,46544660000134,FARMA AURORA ME 0553,FARMA AURORA,18,MG,0,2024-10-05 00:15:56,40
10554,65233098000172,DROGARIA SAO PEDRO EIRELI 0554,DROGARIA SAO,8,MG,0,2016-03-20 11:50:14,50
10555,57341475000169,COMERCIAL PLANALTO COMERCIO LTDA 0555,COMERCIAL PLANALTO,15,MG,1,2025-03-13 08:51:00,40
10556,25641116000130,FARMA ESPERANCA ME 0556,FARMA ESPERANCA,18,MG,0,2021-04-01 10:29:29,40
10557,68303340000125,DROGA SAUDE EIRELI 0557,DROGA SAUDE,15,MG,0,2024-11-03 12:36:11,40
10558,87827406000120,COMERCIAL VIDA LTDA 0558,COMERCIAL VIDA,7,MG,0,2016-02-15 15:58:05,40
10559,00903036000185,REDE SAO PEDRO ME 0559,REDE SAO,14,MG,0,2026-04-16 07:19:18,30
10560,80372824000121,DROGARIA VIDA LTDA 0560,DROGARIA VIDA,7,MG,1,2021-10-06 21:50:22,40
10561,44482303000163,REDE CENTRAL ME 0561,REDE CENTRAL,15,MG,0,2024-03-26 15:25:45,30
10562,57230356000139,FARMA ESTRELA ME 0562,FARMA ESTRELA,2,MG,0,2015-03-27 13:09:02,40
10563,83076516000147,FARMACIA CENTRAL ME 0563,FARMACIA CENTRAL,18,MG,0,2017-06-19 20:18:36,40
10564,83082775000180,DROGA ESPERANCA EIRELI 0564,DROGA ESPERANCA,17,MG,0,2018-05-22 15:56:09,40
10565,41765111000176,REDE PRIME ME 0565,REDE PRIME,10,GO,0,2015-10-27 02:32:22,30
10566,70687607000177,FARMACIA AURORA ME 0566,FARMACIA AURORA,5,GO,0,2023-10-15 13:47:05,
10567,49887759000127,DROGA SANTA CLARA LTDA 0567,DROGA SANTA,14,MG,0,2017-09-14 01:20:31,20
10568,49835744000115,REDE BOM PRECO COMERCIO LTDA 0568,REDE BOM,9,GO,1,2021-07-17 04:50:37,40
10569,40034533000109,FARMA CENTRAL EIRELI 0569,FARMA CENTRAL,18,MG,0,2018-07-23 05:13:05,20
10570,22459083000114,REDE PRIME COMERCIO LTDA 0570,REDE PRIME,13,MG,0,2018-05-28 10:30:34,40
10571,84727646000165,FARMACIA NOVA ERA COMERCIO LTDA 0571,FARMACIA NOVA,7,GO,0,2023-04-21 22:29:43,40
10572,08659437000143,REDE HORIZONTE ME 0572,REDE HORIZONTE,3,GO,0,2024-07-23 22:13:50,20
10573,94726564000150,DROGA SAUDE COMERCIO LTDA 0573,DROGA SAUDE,4,GO,0,2020-11-22 19:23:37,40
10574,75445532000131,REDE REAL COMERCIO LTDA 0574,REDE REAL,1,GO,0,2023-06-12 14:33:34,40
10575,66607098000158,REDE SAUDE COMERCIO LTDA 0575,REDE SAUDE,18,MG,0,2016-08-07 22:59:07,40
10576,48797978000152,DROGA UNIAO EIRELI 0576,DROGA UNIAO,8,MG,0,2021-04-30 23:03:49,40
10577,31329233000166,FARMA IDEAL LTDA 0577,FARMA IDEAL,3,MG,0,2025-04-01 06:22:16,40
10578,67783728000108,COMERCIAL UNIAO LTDA 0578,COMERCIAL UNIAO,18,MG,0,2016-09-05 12:34:20,20
10579,95237939000180,FARMA CENTRAL LTDA 0579,FARMA CENTRAL,9,MG,0,2025-12-24 15:01:45,40
10580,32577188000121,REDE PLANALTO ME 0580,REDE PLANALTO,7,MG,,2022-02-12 01:43:07,20
10581,57488102000115,FARMACIA PRIME EIRELI 0581,FARMACIA PRIME,16,MG,0,2023-05-22 04:32:43,40
10582,95050055000112,FARMACIA UNIAO LTDA 0582,FARMACIA UNIAO,1,MG,1,2014-08-03 19:44:41,30
10583,39880622000197,FARMA ESPERANCA ME 0583,FARMA ESPERANCA,12,GO,0,2026-05-28 01:55:04,40
10584,90140420000166,FARMACIA PLANALTO EIRELI 0584,FARMACIA PLANALTO,13,MG,0,2017-02-02 05:18:28,50
10585,29401033000125,FARMA ESTRELA EIRELI 0585,FARMA ESTRELA,5,GO,0,2026-02-09 07:56:57,50
10586,02331887000126,DROGA IDEAL COMERCIO LTDA 0586,DROGA IDEAL,10,MG,0,2024-11-05 01:40:24,
10587,44824931000180,DROGARIA HORIZONTE EIRELI 0587,DROGARIA HORIZONTE,8,GO,0,2019-05-08 12:42:57,30
10588,22119334000111,DROGA PRIME COMERCIO LTDA 0588,DROGA PRIME,4,GO,0,2023-05-04 18:09:43,40
10589,80838285000173,REDE ESPERANCA ME 0589,REDE ESPERANCA,2,MG,0,2017-12-27 08:03:01,40
10590,65760578000191,DROGA PLANALTO COMERCIO LTDA 0590,DROGA PLANALTO,1,MG,0,2019-11-06 03:32:09,30
10591,68229983000176,FARMACIA UNIAO EIRELI 0591,FARMACIA UNIAO,5,GO,0,2022-04-15 00:09:45,40
10592,56514227000100,FARMA ESPERANCA COMERCIO LTDA 0592,FARMA ESPERANCA,8,MG,0,2026-05-18 10:08:11,20
10593,47373625000162,COMERCIAL PRIME EIRELI 0593,COMERCIAL PRIME,18,MG,0,2021-04-29 17:22:31,40
10594,21953415000150,COMERCIAL HORIZONTE COMERCIO LTDA 0594,COMERCIAL HORIZONTE,8,GO,0,2024-12-06 22:54:30,40
10595,35171683000124,COMERCIAL IDEAL ME 0595,COMERCIAL IDEAL,3,GO,0,2020-02-19 00:31:23,40
10596,43200492000171,COMERCIAL PLANALTO COMERCIO LTDA 0596,COMERCIAL PLANALTO,5,MG,0,2024-08-25 10:28:26,30
10597,39614827000120,REDE CENTRAL LTDA 0597,REDE CENTRAL,6,MG,0,2015-05-13 11:49:29,40
10598,10813655000132,COMERCIAL CENTRAL LTDA 0598,COMERCIAL CENTRAL,2,GO,1,2026-07-16 09:39:21,40
10599,21224115000130,FARMACIA ESPERANCA LTDA 0599,FARMACIA ESPERANCA,7,GO,0,2025-05-03 17:10:27,40
10600,12716376000186,DROGARIA UNIAO COMERCIO LTDA 0600,DROGARIA UNIAO,5,MG,1,2023-12-16 23:43:40,30
10601,78047918000183,DROGARIA HORIZONTE COMERCIO LTDA 0601,DROGARIA HORIZONTE,6,GO,0,2015-10-25 06:57:26,40
10602,60343987000179,DROGARIA PLANALTO COMERCIO LTDA 0602,DROGARIA PLANALTO,1,MG,0,2018-11-07 14:39:39,40
10603,09336396000117,DROGARIA AURORA EIRELI 0603,DROGARIA AURORA,1,MG,0,2023-08-26 13:29:53,
10604,45647170000109,DROGA SAO PEDRO COMERCIO LTDA 0604,DROGA SAO,9,GO,0,2018-11-12 01:57:28,40
10605,61322187000134,DROGARIA VIDA ME 0605,DROGARIA VIDA,6,MG,0,2015-08-09 07:55:52,20
10606,51894358000146,FARMACIA AURORA EIRELI 0606,FARMACIA AURORA,4,GO,1,2016-04-21 05:02:30,40
10607,43351880000153,DROGA MODELO LTDA 0607,DROGA MODELO,12,MG,0,2019-12-31 02:57:48,30
10608,71934126000181,FARMA ESTRELA ME 0608,FARMA ESTRELA,12,MG,1,2026-03-20 19:37:13,50
10609,60169154000133,DROGA POPULAR LTDA 0609,DROGA POPULAR,8,MG,0,2019-09-08 04:45:52,50
10610,30061596000109,FARMA MODELO COMERCIO LTDA 0610,FARMA MODELO,2,GO,0,2017-12-28 13:30:31,40
10611,57838411000178,FARMA CENTRAL LTDA 0611,FARMA CENTRAL,18,MG,0,2021-06-22 13:44:30,40
10612,52561009000175,DROGARIA HORIZONTE COMERCIO LTDA 0612,DROGARIA HORIZONTE,6,MG,0,2015-09-02 20:57:04,40
10613,24571404000101,REDE VIDA LTDA 0613,REDE VIDA,11,MG,0,2026-01-19 12:38:21,10
10614,46917953000110,FARMACIA HORIZONTE EIRELI 0614,FARMACIA HORIZONTE,8,MG,0,2017-04-06 10:55:54,50
10615,68727701000160,DROGARIA SANTA CLARA LTDA 0615,DROGARIA SANTA,2,MG,1,2017-08-17 21:44:38,40
10616,11264174000188,DROGA SAO PEDRO ME 0616,DROGA SAO,3,GO,0,2021-09-16 03:40:00,10
10617,78044904000106,FARMACIA MODELO LTDA 0617,FARMACIA MODELO,10,GO,0,2016-10-23 17:36:52,40
10618,17633543000149,FARMACIA ESPERANCA COMERCIO LTDA 0618,FARMACIA ESPERANCA,10,MG,0,2018-11-11 17:12:33,20
10619,78136541000139,DROGA MODELO ME 0619,DROGA MODELO,18,MG,0,2020-06-09 12:05:07,40
10620,83198338000127,REDE IDEAL LTDA 0620,REDE IDEAL,3,MG,1,2021-06-09 22:25:00,20
10621,50517320000191,FARMA ESPERANCA LTDA 0621,FARMA ESPERANCA,4,MG,0,2020-02-06 12:41:03,50
10622,07086793000152,REDE MODELO EIRELI 0622,REDE MODELO,11,MG,1,2024-01-20 06:24:54,50
10623,67396876000170,COMERCIAL SANTA CLARA COMERCIO LTDA 0623,COMERCIAL SANTA,1,MG,0,2018-12-21 10:39:03,20
10624,56936080000146,FARMACIA IDEAL COMERCIO LTDA 0624,FARMACIA IDEAL,16,MG,1,2023-12-01 12:17:58,40
10625,91617023000103,FARMACIA MODELO LTDA 0625,FARMACIA MODELO,14,MG,0,2022-11-07 18:30:39,40
10626,63262945000100,FARMACIA POPULAR LTDA 0626,FARMACIA POPULAR,10,MG,0,2016-12-26 06:26:02,20
10627,72626689000175,FARMACIA MODELO ME 0627,FARMACIA MODELO,9,MG,0,2018-05-15 21:13:15,
10628,12989066000135,DROGA IDEAL LTDA 0628,DROGA IDEAL,13,MG,0,2016-01-23 02:53:15,30
10629,59607083000124,DROGARIA NOVA ERA COMERCIO LTDA 0629,DROGARIA NOVA,2,GO,0,2014-09-23 00:12:32,30
10630,76340369000105,DROGA VIDA ME 0630,DROGA VIDA,12,MG,0,2014-11-18 03:29:50,30
10631,19190545000136,FARMACIA REAL COMERCIO LTDA 0631,FARMACIA REAL,2,GO,0,2020-09-27 09:42:24,40
10632,16342488000175,REDE AURORA COMERCIO LTDA 0632,REDE AURORA,9,GO,1,2019-09-13 18:26:25,50
10633,94301959000100,DROGARIA POPULAR EIRELI 0633,DROGARIA POPULAR,4,MG,0,2020-01-11 02:33:20,40
10634,06479554000108,DROGARIA PRIME COMERCIO LTDA 0634,DROGARIA PRIME,18,MG,0,2018-11-26 02:47:30,40
10635,19397688000113,DROGA REAL COMERCIO LTDA 0635,DROGA REAL,1,MG,0,2019-01-17 11:15:42,30
10636,27419966000114,COMERCIAL PLANALTO ME 0636,COMERCIAL PLANALTO,3,MG,0,2017-03-29 04:04:41,40
10637,97964340000174,FARMACIA MODELO ME 0637,FARMACIA MODELO,17,MG,0,2025-10-15 12:45:54,40
10638,57068743000110,DROGA NOVA ERA EIRELI 0638,DROGA NOVA,5,MG,0,2020-11-29 13:31:02,40
10639,33368212000185,FARMACIA POPULAR ME 0639,FARMACIA POPULAR,16,MG,0,2022-08-24 09:25:52,30
10640,25336043000173,DROGA REAL EIRELI 0640,DROGA REAL,14,MG,0,2021-07-02 04:40:30,40
10641,74158205000136,DROGARIA IDEAL EIRELI 0641,DROGARIA IDEAL,16,MG,1,2023-12-02 18:03:10,40
10642,61362085000142,COMERCIAL HORIZONTE ME 0642,COMERCIAL HORIZONTE,4,GO,0,2019-05-12 18:47:30,20
10643,82765058000190,DROGARIA SAUDE EIRELI 0643,DROGARIA SAUDE,8,GO,0,2019-05-01 14:09:26,40
10644,45150234000153,FARMA PRIME COMERCIO LTDA 0644,FARMA PRIME,1,MG,0,2022-04-21 22:07:52,40
10645,72996402000107,FARMA PRIME COMERCIO LTDA 0645,FARMA PRIME,11,MG,0,2021-05-09 20:05:30,10
10646,20722459000106,DROGA PRIME ME 0646,DROGA PRIME,5,MG,0,2015-09-07 15:55:13,50
10647,78184861000164,DROGA BOM PRECO COMERCIO LTDA 0647,DROGA BOM,16,MG,0,2017-03-31 08:42:22,30
10648,41276576000163,DROGA HORIZONTE ME 0648,DROGA HORIZONTE,11,MG,0,2023-05-23 21:08:36,40
10649,50536396000164,FARMA SANTA CLARA COMERCIO LTDA 0649,FARMA SANTA,6,GO,0,2018-08-23 19:22:21,30
10650,84851194000129,DROGARIA UNIAO ME 0650,DROGARIA UNIAO,6,GO,0,2020-01-14 22:06:58,30
10651,79842704000161,DROGARIA ESTRELA ME 0651,DROGARIA ESTRELA,18,MG,0,2022-10-19 08:05:45,40
10652,51594027000190,DROGA POPULAR COMERCIO LTDA 0652,DROGA POPULAR,15,MG,0,2021-10-07 06:09:12,40
10653,20774309000146,FARMACIA NOVA ERA ME 0653,FARMACIA NOVA,16,MG,0,2024-01-27 16:47:38,10
10654,50607095000184,COMERCIAL SAUDE COMERCIO LTDA 0654,COMERCIAL SAUDE,9,MG,1,2016-10-13 11:03:43,10
10655,32746054000197,DROGARIA ESTRELA COMERCIO LTDA 0655,DROGARIA ESTRELA,13,MG,0,2025-12-12 19:00:39,30
10656,93376793000129,REDE AURORA COMERCIO LTDA 0656,REDE AURORA,13,MG,0,2025-06-30 18:23:28,10
10657,96448997000116,DROGARIA IDEAL LTDA 0657,DROGARIA IDEAL,9,GO,0,2022-07-09 22:39:16,30
10658,80801217000130,FARMACIA IDEAL ME 0658,FARMACIA IDEAL,2,GO,0,2026-05-01 20:30:21,40
10659,61272020000106,REDE MODELO EIRELI 0659,REDE MODELO,2,MG,0,2019-11-08 06:11:23,20
10660,98249966000161,DROGARIA SAO PEDRO LTDA 0660,DROGARIA SAO,14,MG,0,2022-01-16 17:41:46,30
10661,17122268000107,FARMACIA AURORA ME 0661,FARMACIA AURORA,5,GO,0,2021-12-08 10:03:33,30
10662,64570276000198,DROGA MODELO COMERCIO LTDA 0662,DROGA MODELO,15,MG,0,2023-02-02 09:14:06,10
10663,96772896000104,REDE AURORA ME 0663,REDE AURORA,11,GO,0,2025-05-11 10:52:12,50
10664,13144126000181,DROGARIA HORIZONTE LTDA 0664,DROGARIA HORIZONTE,6,GO,0,2025-12-06 12:34:18,50
10665,54815395000100,FARMA POPULAR LTDA 0665,FARMA POPULAR,10,MG,1,2025-12-28 09:53:06,40
10666,75661522000133,FARMACIA IDEAL EIRELI 0666,FARMACIA IDEAL,12,GO,,2023-03-16 04:16:32,40
10667,66315834000102,FARMA UNIAO COMERCIO LTDA 0667,FARMA UNIAO,11,MG,0,2025-12-07 20:45:40,50
10668,48449726000132,FARMA VIDA COMERCIO LTDA 0668,FARMA VIDA,6,GO,1,2014-08-02 00:34:56,20
10669,70505338000180,COMERCIAL ESTRELA EIRELI 0669,COMERCIAL ESTRELA,12,GO,0,2023-02-24 18:03:58,50
10670,24481290000109,DROGA CENTRAL LTDA 0670,DROGA CENTRAL,2,GO,0,2023-01-31 08:57:56,50
10671,36962663000134,DROGA VIDA ME 0671,DROGA VIDA,1,MG,0,2019-08-30 19:20:47,10
10672,17012894000132,REDE BOM PRECO ME 0672,REDE BOM,8,MG,0,2015-06-30 05:37:26,40
10673,20726407000108,REDE REAL COMERCIO LTDA 0673,REDE REAL,6,GO,0,2015-02-09 17:38:15,30
10674,77925732000117,FARMA BOM PRECO ME 0674,FARMA BOM,4,GO,0,2017-09-09 03:58:54,50
10675,47626949000165,COMERCIAL REAL COMERCIO LTDA 0675,COMERCIAL REAL,11,GO,0,2019-05-03 00:58:42,50
10676,13312223000136,COMERCIAL UNIAO COMERCIO LTDA 0676,COMERCIAL UNIAO,1,GO,0,2022-05-13 01:58:06,40
10677,12565582000132,FARMA SAO PEDRO ME 0677,FARMA SAO,14,MG,0,2017-12-21 21:30:10,40
10678,53293467000133,DROGA POPULAR LTDA 0678,DROGA POPULAR,4,GO,0,2022-01-20 13:39:33,40
10679,05986625000198,FARMACIA IDEAL EIRELI 0679,FARMACIA IDEAL,9,GO,0,2022-10-28 04:25:25,40
10680,93644648000181,FARMA VIDA EIRELI 0680,FARMA VIDA,7,MG,0,2020-12-26 09:34:41,10
10681,54923019000139,FARMA AURORA EIRELI 0681,FARMA AURORA,11,GO,0,2023-04-12 14:59:37,40
10682,74197686000199,REDE MODELO LTDA 0682,REDE MODELO,13,MG,0,2024-09-07 15:17:51,30
10683,43192241000192,DROGA ESTRELA ME 0683,DROGA ESTRELA,12,MG,0,2025-12-13 07:27:14,40
10684,98019935000114,COMERCIAL NOVA ERA LTDA 0684,COMERCIAL NOVA,11,GO,0,2021-12-03 22:10:22,30
10685,51704300000192,FARMACIA PRIME LTDA 0685,FARMACIA PRIME,11,GO,0,2014-11-28 22:39:10,30
10686,67055300000149,DROGA VIDA ME 0686,DROGA VIDA,8,MG,0,2021-01-02 18:24:15,30
10687,84313977000159,COMERCIAL SAUDE COMERCIO LTDA 0687,COMERCIAL SAUDE,6,GO,0,2022-06-30 17:32:56,30
10688,43155161000167,REDE SAUDE COMERCIO LTDA 0688,REDE SAUDE,14,MG,0,2020-10-29 11:20:24,30
10689,04674860000161,FARMACIA HORIZONTE ME 0689,FARMACIA HORIZONTE,14,MG,0,2015-11-19 11:01:08,50
10690,07464663000106,FARMACIA HORIZONTE EIRELI 0690,FARMACIA HORIZONTE,18,MG,0,2017-11-26 18:15:03,40
10691,18737490000179,FARMACIA PRIME COMERCIO LTDA 0691,FARMACIA PRIME,3,GO,1,2020-08-30 13:08:02,30
10692,74210690000140,DROGA SAO PEDRO COMERCIO LTDA 0692,DROGA SAO,2,MG,0,2014-09-22 13:37:56,40
10693,25369358000117,FARMACIA MODELO COMERCIO LTDA 0693,FARMACIA MODELO,5,MG,0,2019-06-19 17:36:16,40
10694,71556716000118,COMERCIAL HORIZONTE COMERCIO LTDA 0694,COMERCIAL HORIZONTE,14,MG,1,2019-06-27 21:11:00,50
10695,99813753000183,FARMA BOM PRECO LTDA 0695,FARMA BOM,15,MG,0,2019-09-18 08:56:57,40
10696,28443464000191,FARMACIA NOVA ERA LTDA 0696,FARMACIA NOVA,1,MG,0,2021-01-28 13:50:05,40
10697,65061434000147,FARMACIA PLANALTO EIRELI 0697,FARMACIA PLANALTO,9,MG,0,2018-04-23 13:59:07,50
10698,61655869000169,FARMA HORIZONTE LTDA 0698,FARMA HORIZONTE,3,GO,0,2025-03-08 19:05:53,50
10699,62202869000176,DROGARIA SANTA CLARA EIRELI 0699,DROGARIA SANTA,10,GO,0,2016-04-06 12:00:14,40
10700,35575259000145,DROGARIA ESTRELA ME 0700,DROGARIA ESTRELA,9,GO,0,2022-05-30 23:12:02,40
10701,47491177000100,FARMA VIDA ME 0701,FARMA VIDA,999,MG,0,2022-05-17 18:48:58,40
10702,31379950000100,DROGARIA ESTRELA EIRELI 0702,DROGARIA ESTRELA,10,MG,0,2016-02-07 10:24:51,
10703,19465638000126,DROGARIA ESTRELA LTDA 0703,DROGARIA ESTRELA,12,MG,1,2021-01-31 15:44:14,50
10704,84701232000167,FARMACIA IDEAL COMERCIO LTDA 0704,FARMACIA IDEAL,4,GO,0,2018-03-30 10:45:17,30
10705,85376859000152,REDE SAUDE ME 0705,REDE SAUDE,3,GO,0,2024-07-15 04:10:55,
10706,65011905000102,DROGARIA IDEAL EIRELI 0706,DROGARIA IDEAL,7,MG,0,2014-08-14 21:18:09,40
10707,62295832000130,FARMACIA PRIME EIRELI 0707,FARMACIA PRIME,18,MG,0,2018-09-01 06:42:17,40
10708,11462379000178,REDE SANTA CLARA LTDA 0708,REDE SANTA,10,MG,0,2017-05-04 03:54:26,50
10709,40919907000173,FARMA CENTRAL EIRELI 0709,FARMA CENTRAL,5,MG,0,2023-04-28 06:21:11,40
10710,99835587000116,COMERCIAL SAUDE ME 0710,COMERCIAL SAUDE,5,MG,0,2021-06-06 00:10:44,20
10711,81368742000176,COMERCIAL PRIME ME 0711,COMERCIAL PRIME,5,MG,0,2021-06-04 17:02:40,40
10712,94861736000106,FARMA HORIZONTE ME 0712,FARMA HORIZONTE,11,GO,0,2020-02-02 08:49:48,40
10713,11451335000142,COMERCIAL SANTA CLARA COMERCIO LTDA 0713,COMERCIAL SANTA,10,GO,0,2022-03-09 06:14:25,10
10714,60383420000126,FARMA POPULAR LTDA 0714,FARMA POPULAR,13,MG,0,2026-02-13 15:17:51,40
10715,49466492000102,REDE SANTA CLARA EIRELI 0715,REDE SANTA,7,GO,0,2023-09-17 01:12:51,40
10716,09675368000124,FARMA PRIME LTDA 0716,FARMA PRIME,8,GO,0,2024-11-23 01:40:31,40
10717,16924882000111,DROGARIA ESTRELA EIRELI 0717,DROGARIA ESTRELA,12,GO,0,2016-09-15 19:41:06,30
10718,41012592000149,DROGARIA PLANALTO COMERCIO LTDA 0718,DROGARIA PLANALTO,999,MG,0,2020-09-02 17:51:55,30
10719,66989412000104,FARMA UNIAO COMERCIO LTDA 0719,FARMA UNIAO,7,MG,0,2015-04-06 00:18:58,40
10720,33980464000160,DROGA NOVA ERA EIRELI 0720,DROGA NOVA,9,MG,0,2018-09-11 09:06:21,30
10721,24707268000126,REDE SAUDE COMERCIO LTDA 0721,REDE SAUDE,9,GO,1,2020-01-20 10:54:41,50
10722,27210087000188,COMERCIAL CENTRAL LTDA 0722,COMERCIAL CENTRAL,6,GO,0,2023-11-18 17:39:00,30
10723,42142254000194,COMERCIAL ESTRELA LTDA 0723,COMERCIAL ESTRELA,4,MG,0,2020-08-22 11:11:45,20
10724,16741370000110,FARMACIA ESTRELA COMERCIO LTDA 0724,FARMACIA ESTRELA,4,MG,0,2017-02-02 14:29:01,
10725,88727654000162,FARMA UNIAO ME 0725,FARMA UNIAO,1,MG,1,2023-02-26 11:03:28,10
10726,49702757000116,DROGA BOM PRECO EIRELI 0726,DROGA BOM,11,GO,0,2025-09-02 14:10:58,40
10727,77466780000194,COMERCIAL IDEAL EIRELI 0727,COMERCIAL IDEAL,2,GO,,2018-08-05 17:32:57,20
10728,34113219000119,DROGA BOM PRECO LTDA 0728,DROGA BOM,3,MG,0,2023-11-29 21:04:55,20
10729,96091295000128,COMERCIAL NOVA ERA ME 0729,COMERCIAL NOVA,13,MG,0,2021-09-18 22:03:17,40
10730,34159124000136,COMERCIAL POPULAR LTDA 0730,COMERCIAL POPULAR,7,GO,0,2022-09-20 00:21:35,50
10731,85755354000107,FARMACIA HORIZONTE LTDA 0731,FARMACIA HORIZONTE,1,MG,0,2023-04-15 05:36:49,50
10732,22570072000107,REDE ESPERANCA COMERCIO LTDA 0732,REDE ESPERANCA,5,MG,0,2020-04-19 23:20:06,20
10733,35727780000150,DROGARIA PRIME LTDA 0733,DROGARIA PRIME,1,GO,0,2025-06-24 08:28:04,50
10734,97900655000158,COMERCIAL SAUDE COMERCIO LTDA 0734,COMERCIAL SAUDE,14,MG,0,2019-03-07 12:31:43,40
10735,73131853000136,FARMACIA MODELO LTDA 0735,FARMACIA MODELO,3,MG,0,2015-08-28 13:44:40,20
10736,27535612000135,DROGARIA PRIME EIRELI 0736,DROGARIA PRIME,4,MG,0,2023-11-30 04:36:33,40
10737,05543084000123,FARMACIA MODELO ME 0737,FARMACIA MODELO,5,GO,0,2025-02-24 09:37:53,40
10738,08398066000193,DROGARIA AURORA LTDA 0738,DROGARIA AURORA,5,MG,0,2015-01-15 18:34:33,
10739,57025875000165,FARMA IDEAL ME 0739,FARMA IDEAL,6,MG,0,2016-08-20 03:30:07,
10740,39381014000138,COMERCIAL SAUDE COMERCIO LTDA 0740,COMERCIAL SAUDE,11,GO,0,2015-01-02 13:37:03,20
10741,48325267000185,COMERCIAL ESTRELA ME 0741,COMERCIAL ESTRELA,10,GO,0,2025-05-20 20:50:57,40
10742,42003646000172,DROGARIA SAUDE LTDA 0742,DROGARIA SAUDE,3,MG,0,2019-06-09 11:23:49,40
10743,26849928000139,COMERCIAL MODELO EIRELI 0743,COMERCIAL MODELO,10,GO,0,2020-03-16 00:21:29,30
10744,89097344000174,DROGA SAUDE ME 0744,DROGA SAUDE,14,MG,0,2014-10-15 20:58:06,40
10745,75066429000180,COMERCIAL POPULAR ME 0745,COMERCIAL POPULAR,9,MG,0,2016-06-19 05:10:21,30
10746,94883988000128,REDE NOVA ERA LTDA 0746,REDE NOVA,9,GO,0,2019-01-27 17:19:09,30
10747,53698459000177,FARMACIA AURORA ME 0747,FARMACIA AURORA,10,MG,0,2015-04-02 18:41:44,40
10748,20489182000113,DROGA CENTRAL ME 0748,DROGA CENTRAL,13,MG,0,2023-07-20 19:53:51,20
10749,18185866000180,FARMA VIDA ME 0749,FARMA VIDA,8,GO,0,2020-02-20 15:52:38,10
10750,66788532000143,COMERCIAL POPULAR LTDA 0750,COMERCIAL POPULAR,16,MG,0,2014-12-17 05:19:55,40
10751,00335943000175,DROGA SAUDE COMERCIO LTDA 0751,DROGA SAUDE,6,GO,0,2026-06-24 22:17:50,40
10752,02173760000126,FARMA IDEAL ME 0752,FARMA IDEAL,10,GO,0,2018-02-09 01:03:56,30
10753,65728395000199,DROGARIA SAO PEDRO LTDA 0753,DROGARIA SAO,16,MG,0,2018-04-06 09:16:46,10
10754,83623357000153,DROGA UNIAO LTDA 0754,DROGA UNIAO,1,GO,0,2022-03-17 04:20:16,40
10755,24670937000132,FARMA AURORA EIRELI 0755,FARMA AURORA,2,MG,0,2022-09-03 13:35:47,40
10756,87496053000123,FARMA REAL COMERCIO LTDA 0756,FARMA REAL,17,MG,1,2020-03-03 14:20:58,30
10757,99514275000100,COMERCIAL PLANALTO ME 0757,COMERCIAL PLANALTO,3,MG,0,2016-02-25 06:27:58,40
10758,47404481000164,DROGARIA NOVA ERA LTDA 0758,DROGARIA NOVA,5,GO,0,2023-05-01 00:17:07,50
10759,44962363000183,FARMACIA SAUDE EIRELI 0759,FARMACIA SAUDE,17,MG,0,2016-06-08 23:36:32,50
10760,78673916000108,REDE POPULAR EIRELI 0760,REDE POPULAR,7,GO,0,2017-12-14 09:51:51,10
10761,52113336000164,FARMA ESPERANCA LTDA 0761,FARMA ESPERANCA,12,GO,1,2019-10-18 06:30:18,30
10762,48806953000178,DROGARIA REAL LTDA 0762,DROGARIA REAL,4,GO,0,2020-10-31 05:01:24,30
10763,06214999000158,REDE CENTRAL EIRELI 0763,REDE CENTRAL,15,MG,0,2020-06-18 09:00:06,20
10764,37194776000108,DROGARIA SAO PEDRO ME 0764,DROGARIA SAO,6,MG,1,2021-12-04 09:37:20,10
10765,45222274000163,DROGARIA BOM PRECO COMERCIO LTDA 0765,DROGARIA BOM,12,GO,0,2023-01-14 11:40:48,30
10766,94222709000185,REDE AURORA EIRELI 0766,REDE AURORA,12,MG,0,2023-11-19 20:14:17,
10767,71198303000109,DROGA SAUDE EIRELI 0767,DROGA SAUDE,6,MG,1,2026-02-21 23:49:39,50
10768,06775797000185,DROGARIA SAO PEDRO EIRELI 0768,DROGARIA SAO,12,GO,0,2017-10-01 09:22:03,40
10769,04729315000125,DROGA AURORA LTDA 0769,DROGA AURORA,14,MG,0,2015-12-18 21:33:36,30
10770,38123529000175,COMERCIAL POPULAR COMERCIO LTDA 0770,COMERCIAL POPULAR,9,MG,0,2021-07-24 16:55:05,30
10771,24784938000108,REDE IDEAL LTDA 0771,REDE IDEAL,15,MG,0,2019-04-10 03:37:08,40
10772,04399592000117,REDE BOM PRECO EIRELI 0772,REDE BOM,16,MG,0,2022-08-12 20:32:41,10
10773,04941887000173,DROGA VIDA LTDA 0773,DROGA VIDA,6,MG,0,2026-06-20 23:02:48,40
10774,83128540000182,COMERCIAL AURORA LTDA 0774,COMERCIAL AURORA,8,MG,0,2020-09-04 02:16:32,40
10775,95712948000186,DROGARIA ESPERANCA LTDA 0775,DROGARIA ESPERANCA,2,MG,0,2022-08-15 13:26:42,30
10776,75459050000130,DROGA MODELO ME 0776,DROGA MODELO,16,MG,0,2018-07-15 16:16:35,20
10777,85056310000180,DROGARIA PLANALTO COMERCIO LTDA 0777,DROGARIA PLANALTO,6,MG,0,2016-07-09 19:52:43,40
10778,70074563000100,DROGA ESPERANCA COMERCIO LTDA 0778,DROGA ESPERANCA,8,MG,0,2018-03-21 20:00:13,40
10779,24065507000191,DROGA SANTA CLARA LTDA 0779,DROGA SANTA,12,GO,0,2024-01-04 01:40:37,40
10780,29558259000134,DROGARIA AURORA LTDA 0780,DROGARIA AURORA,12,MG,0,2026-04-23 02:01:13,50
10781,75883822000167,FARMACIA AURORA LTDA 0781,FARMACIA AURORA,6,MG,0,2020-03-13 22:16:17,40
10782,88079616000140,DROGARIA ESTRELA EIRELI 0782,DROGARIA ESTRELA,13,MG,0,2017-01-01 16:04:08,40
10783,96637302000144,DROGA POPULAR COMERCIO LTDA 0783,DROGA POPULAR,5,GO,0,2023-02-23 03:02:23,40
10784,04035422000153,DROGA UNIAO EIRELI 0784,DROGA UNIAO,1,GO,0,2019-10-08 23:25:13,40
10785,26497159000157,DROGA ESPERANCA COMERCIO LTDA 0785,DROGA ESPERANCA,10,GO,0,2021-10-26 17:08:49,40
10786,33215652000100,REDE HORIZONTE ME 0786,REDE HORIZONTE,6,GO,0,2017-12-03 09:31:31,40
10787,20175393000181,FARMACIA SAUDE LTDA 0787,FARMACIA SAUDE,18,MG,0,2017-07-16 01:35:53,40
10788,65256901000194,DROGARIA ESPERANCA EIRELI 0788,DROGARIA ESPERANCA,14,MG,0,2025-02-03 19:55:29,30
10789,75399166000121,DROGA SAO PEDRO COMERCIO LTDA 0789,DROGA SAO,1,MG,0,2014-10-21 23:39:59,30
10790,94560117000173,DROGARIA UNIAO ME 0790,DROGARIA UNIAO,10,MG,0,2023-07-20 10:16:50,40
10791,28645614000140,FARMA CENTRAL ME 0791,FARMA CENTRAL,14,MG,0,2015-06-30 05:12:58,40
10792,94333918000104,DROGARIA CENTRAL ME 0792,DROGARIA CENTRAL,9,MG,0,2023-03-31 12:37:45,20
10793,11235064000198,FARMA IDEAL COMERCIO LTDA 0793,FARMA IDEAL,9,GO,1,2025-07-24 00:53:27,40
10794,18924450000136,REDE VIDA ME 0794,REDE VIDA,3,MG,0,2026-02-10 05:03:56,40
10795,20161007000100,DROGARIA CENTRAL COMERCIO LTDA 0795,DROGARIA CENTRAL,13,MG,0,2021-09-28 05:45:39,50
10796,69542683000105,FARMACIA ESPERANCA EIRELI 0796,FARMACIA ESPERANCA,11,GO,0,2018-12-06 10:54:10,10
10797,51641602000169,DROGA MODELO EIRELI 0797,DROGA MODELO,5,GO,0,2015-06-25 02:08:20,10
10798,59177401000164,FARMA SANTA CLARA ME 0798,FARMA SANTA,11,MG,0,2023-02-15 04:47:09,30
10799,57126938000170,FARMACIA SAUDE LTDA 0799,FARMACIA SAUDE,2,GO,0,2025-07-11 13:11:10,40
10800,74220141000156,DROGARIA BOM PRECO COMERCIO LTDA 0800,DROGARIA BOM,3,GO,0,2016-10-06 05:42:32,50
10801,71792032000115,DROGA REAL LTDA 0801,DROGA REAL,15,MG,0,2014-09-11 21:19:23,50
10802,16866728000130,DROGA UNIAO COMERCIO LTDA 0802,DROGA UNIAO,9,GO,0,2025-12-15 07:34:18,40
10803,50408883000141,FARMA SANTA CLARA LTDA 0803,FARMA SANTA,10,MG,0,2023-04-04 00:42:08,40
10804,96337524000141,FARMACIA NOVA ERA LTDA 0804,FARMACIA NOVA,2,GO,0,2016-07-12 16:58:43,
10805,35955045000102,DROGA SAUDE LTDA 0805,DROGA SAUDE,7,MG,0,2024-08-01 13:07:48,50
10806,96190487000191,DROGA MODELO LTDA 0806,DROGA MODELO,8,MG,0,2015-11-19 22:26:07,10
10807,58424013000178,DROGA BOM PRECO LTDA 0807,DROGA BOM,10,MG,0,2024-12-03 21:40:44,10
10808,76746585000155,FARMA PLANALTO ME 0808,FARMA PLANALTO,13,MG,0,2017-03-19 10:09:42,20
10809,10007890000117,FARMA VIDA ME 0809,FARMA VIDA,2,GO,,2019-06-03 15:18:39,30
10810,91379310000114,DROGARIA CENTRAL ME 0810,DROGARIA CENTRAL,4,MG,0,2020-05-09 17:44:59,40
10811,49678072000181,FARMACIA MODELO EIRELI 0811,FARMACIA MODELO,5,MG,0,2015-07-01 11:01:06,40
10812,16497058000122,COMERCIAL POPULAR EIRELI 0812,COMERCIAL POPULAR,11,GO,0,2022-07-18 19:20:39,30
10813,59636408000105,DROGARIA POPULAR ME 0813,DROGARIA POPULAR,3,MG,0,2015-06-29 01:24:32,40
10814,63841753000140,FARMA SAUDE LTDA 0814,FARMA SAUDE,11,GO,0,2019-01-21 05:49:31,20
10815,98120805000173,DROGARIA CENTRAL COMERCIO LTDA 0815,DROGARIA CENTRAL,11,MG,0,2022-07-01 16:13:33,30
10816,60722185000170,FARMACIA REAL COMERCIO LTDA 0816,FARMACIA REAL,2,MG,1,2016-11-14 12:57:52,10
10817,13110705000103,DROGARIA MODELO COMERCIO LTDA 0817,DROGARIA MODELO,16,MG,0,2022-11-07 15:37:33,40
10818,14484652000153,DROGA UNIAO ME 0818,DROGA UNIAO,3,GO,0,2019-05-14 11:12:20,30
10819,20859458000108,DROGA ESTRELA ME 0819,DROGA ESTRELA,9,MG,0,2024-02-05 13:53:49,
10820,03724663000147,REDE ESPERANCA EIRELI 0820,REDE ESPERANCA,2,MG,0,2017-02-12 09:17:24,30
10821,65204970000154,FARMA PLANALTO COMERCIO LTDA 0821,FARMA PLANALTO,16,MG,0,2016-07-30 12:00:28,40
10822,32723318000197,DROGARIA POPULAR EIRELI 0822,DROGARIA POPULAR,999,MG,0,2025-09-01 19:41:56,10
10823,68275770000180,FARMACIA REAL ME 0823,FARMACIA REAL,7,GO,0,2019-09-27 08:18:03,40
10824,97463902000104,REDE ESPERANCA LTDA 0824,REDE ESPERANCA,11,GO,1,2025-10-08 19:48:13,40
10825,88315698000185,COMERCIAL IDEAL COMERCIO LTDA 0825,COMERCIAL IDEAL,13,MG,0,2026-07-25 18:54:16,40
10826,65557000000132,FARMA IDEAL EIRELI 0826,FARMA IDEAL,18,MG,0,2024-01-03 21:23:27,10
10827,12281212000173,DROGA BOM PRECO LTDA 0827,DROGA BOM,7,GO,0,2024-02-25 16:20:16,10
10828,20786206000104,REDE ESPERANCA LTDA 0828,REDE ESPERANCA,11,MG,0,2018-03-28 13:45:11,40
10829,21041324000148,DROGA CENTRAL COMERCIO LTDA 0829,DROGA CENTRAL,999,MG,0,2022-01-01 11:26:17,40
10830,81158760000123,DROGA ESPERANCA ME 0830,DROGA ESPERANCA,17,MG,1,2015-07-02 08:57:45,
10831,42603935000102,FARMACIA ESPERANCA EIRELI 0831,FARMACIA ESPERANCA,2,GO,0,2015-05-08 02:31:36,40
10832,63413394000120,COMERCIAL CENTRAL ME 0832,COMERCIAL CENTRAL,18,MG,0,2019-05-03 07:00:06,30
10833,07331332000106,DROGA BOM PRECO ME 0833,DROGA BOM,13,MG,0,2021-05-05 04:51:52,40
10834,29196574000169,REDE PRIME EIRELI 0834,REDE PRIME,8,MG,0,2026-04-26 02:13:13,
10835,21188265000135,DROGARIA IDEAL ME 0835,DROGARIA IDEAL,10,GO,0,2017-10-03 00:00:28,30
10836,63590243000147,FARMACIA HORIZONTE EIRELI 0836,FARMACIA HORIZONTE,10,GO,0,2021-06-28 22:31:52,50
10837,07603684000165,FARMA CENTRAL LTDA 0837,FARMA CENTRAL,3,GO,0,2022-01-20 00:51:14,50
10838,14984025000181,FARMACIA ESPERANCA LTDA 0838,FARMACIA ESPERANCA,1,GO,,2020-03-30 23:19:17,40
10839,48516725000163,FARMA SAO PEDRO EIRELI 0839,FARMA SAO,9,GO,0,2021-04-05 21:46:26,40
10840,58568871000196,FARMACIA PRIME ME 0840,FARMACIA PRIME,7,MG,0,2015-05-12 22:58:26,20
10841,08991324000140,DROGARIA SAO PEDRO ME 0841,DROGARIA SAO,11,MG,0,2018-03-19 15:50:59,50
10842,92333428000174,COMERCIAL SAUDE LTDA 0842,COMERCIAL SAUDE,10,GO,0,2026-04-07 04:08:14,30
10843,03523001000109,DROGA POPULAR EIRELI 0843,DROGA POPULAR,9,GO,0,2018-06-26 10:37:23,40
10844,71446835000118,REDE VIDA EIRELI 0844,REDE VIDA,13,MG,,2017-12-22 09:11:44,20
10845,73816529000151,DROGA SAUDE ME 0845,DROGA SAUDE,10,MG,0,2025-04-30 00:11:19,
10846,43032407000103,COMERCIAL HORIZONTE EIRELI 0846,COMERCIAL HORIZONTE,14,MG,0,2018-01-28 01:03:28,50
10847,89488811000197,COMERCIAL PLANALTO EIRELI 0847,COMERCIAL PLANALTO,6,MG,0,2014-08-02 02:35:09,40
10848,52565836000137,COMERCIAL BOM PRECO COMERCIO LTDA 0848,COMERCIAL BOM,8,MG,0,2019-06-16 02:08:00,40
10849,29616314000103,COMERCIAL NOVA ERA ME 0849,COMERCIAL NOVA,10,MG,1,2018-09-16 05:50:04,30
10850,34546715000166,COMERCIAL SAO PEDRO COMERCIO LTDA 0850,COMERCIAL SAO,6,MG,0,2023-12-05 15:37:59,40
10851,00517250000101,FARMACIA PRIME ME 0851,FARMACIA PRIME,2,MG,0,2020-06-25 10:01:00,
10852,74787604000166,FARMA SAUDE EIRELI 0852,FARMA SAUDE,4,MG,0,2022-11-21 19:52:20,40
10853,30153749000130,FARMACIA IDEAL EIRELI 0853,FARMACIA IDEAL,3,MG,0,2015-05-02 16:22:49,40
10854,03690719000190,COMERCIAL POPULAR EIRELI 0854,COMERCIAL POPULAR,6,MG,0,2018-03-01 20:11:01,10
10855,68191002000149,DROGARIA SANTA CLARA ME 0855,DROGARIA SANTA,8,GO,0,2019-12-31 09:01:16,40
10856,86234131000159,COMERCIAL POPULAR EIRELI 0856,COMERCIAL POPULAR,8,MG,0,2023-03-06 16:42:59,30
10857,61313818000159,DROGARIA SAO PEDRO LTDA 0857,DROGARIA SAO,5,GO,0,2023-12-24 10:30:59,40
10858,57842589000192,FARMA REAL ME 0858,FARMA REAL,13,MG,0,2024-05-15 01:28:10,30
10859,27110044000120,FARMA MODELO EIRELI 0859,FARMA MODELO,14,MG,0,2016-03-12 12:11:21,40
10860,98758285000129,FARMA VIDA COMERCIO LTDA 0860,FARMA VIDA,18,MG,0,2019-05-14 23:22:56,40
10861,75604169000150,REDE ESPERANCA ME 0861,REDE ESPERANCA,999,MG,0,2023-09-06 09:18:30,50
10862,13984505000180,DROGARIA CENTRAL EIRELI 0862,DROGARIA CENTRAL,15,MG,0,2023-10-09 00:26:10,50
10863,74361687000127,DROGA SANTA CLARA LTDA 0863,DROGA SANTA,1,MG,0,2017-05-07 11:19:09,40
10864,14096280000198,DROGA BOM PRECO COMERCIO LTDA 0864,DROGA BOM,2,GO,0,2025-04-24 19:00:42,30
10865,04646809000146,COMERCIAL POPULAR LTDA 0865,COMERCIAL POPULAR,6,MG,0,2025-11-30 12:31:18,30
10866,75545665000180,REDE HORIZONTE LTDA 0866,REDE HORIZONTE,6,GO,0,2024-05-15 12:37:55,30
10867,50212074000160,COMERCIAL BOM PRECO COMERCIO LTDA 0867,COMERCIAL BOM,14,MG,0,2019-11-09 15:20:34,20
10868,39460903000190,DROGARIA VIDA EIRELI 0868,DROGARIA VIDA,3,GO,1,2022-08-18 07:36:25,40
10869,24496208000101,FARMACIA REAL EIRELI 0869,FARMACIA REAL,7,MG,0,2023-04-09 11:08:29,40
10870,90353093000120,DROGA ESPERANCA LTDA 0870,DROGA ESPERANCA,10,MG,0,2022-01-31 12:41:25,50
10871,36837211000120,FARMA PLANALTO COMERCIO LTDA 0871,FARMA PLANALTO,2,MG,1,2021-12-29 22:01:48,
10872,06577258000131,DROGARIA IDEAL LTDA 0872,DROGARIA IDEAL,3,GO,0,2019-01-13 16:57:50,50
10873,33804444000139,DROGARIA NOVA ERA COMERCIO LTDA 0873,DROGARIA NOVA,14,MG,0,2014-09-19 18:24:58,40
10874,21202926000130,DROGARIA SAO PEDRO ME 0874,DROGARIA SAO,7,MG,1,2024-04-20 06:16:28,40
10875,86571370000102,COMERCIAL NOVA ERA LTDA 0875,COMERCIAL NOVA,6,MG,0,2018-06-08 08:15:35,50
10876,15472104000176,DROGARIA NOVA ERA COMERCIO LTDA 0876,DROGARIA NOVA,16,MG,0,2018-11-03 00:24:53,10
10877,20743834000102,FARMA SANTA CLARA LTDA 0877,FARMA SANTA,8,GO,0,2018-01-08 21:45:18,50
10878,31931627000190,REDE MODELO ME 0878,REDE MODELO,11,GO,0,2024-06-22 08:16:17,10
10879,35031555000185,FARMA IDEAL ME 0879,FARMA IDEAL,12,MG,0,2022-09-09 05:50:07,40
10880,09818439000109,DROGARIA SANTA CLARA COMERCIO LTDA 0880,DROGARIA SANTA,8,GO,1,2017-01-08 09:27:26,50
10881,34555643000113,DROGA ESPERANCA EIRELI 0881,DROGA ESPERANCA,8,GO,0,2020-10-16 22:28:55,40
10882,74574142000107,DROGARIA SAUDE LTDA 0882,DROGARIA SAUDE,10,GO,0,2019-05-18 05:22:31,10
10883,63804823000190,COMERCIAL IDEAL COMERCIO LTDA 0883,COMERCIAL IDEAL,3,MG,0,2022-10-10 11:13:20,40
10884,04439979000150,REDE CENTRAL COMERCIO LTDA 0884,REDE CENTRAL,8,MG,0,2020-03-28 19:57:14,40
10885,26490794000102,FARMA PLANALTO COMERCIO LTDA 0885,FARMA PLANALTO,9,GO,0,2015-02-13 09:04:40,40
10886,66619279000102,FARMA NOVA ERA LTDA 0886,FARMA NOVA,8,MG,0,2023-04-24 01:31:46,30
10887,68875956000170,COMERCIAL CENTRAL ME 0887,COMERCIAL CENTRAL,7,GO,0,2025-05-20 07:25:31,40
10888,51638286000176,FARMA BOM PRECO ME 0888,FARMA BOM,4,MG,0,2018-07-09 10:39:58,40
10889,96528011000118,FARMACIA SAUDE LTDA 0889,FARMACIA SAUDE,4,GO,0,2017-03-04 18:40:12,50
10890,17604464000100,DROGARIA REAL ME 0890,DROGARIA REAL,14,MG,0,2016-10-30 13:46:57,50
10891,39785500000111,FARMACIA SANTA CLARA EIRELI 0891,FARMACIA SANTA,11,GO,0,2022-11-20 20:57:31,40
10892,84213671000120,DROGARIA MODELO COMERCIO LTDA 0892,DROGARIA MODELO,3,MG,0,2015-12-17 20:19:50,50
10893,81366215000122,DROGA SANTA CLARA COMERCIO LTDA 0893,DROGA SANTA,18,MG,0,2024-11-27 10:26:22,40
10894,69070637000150,COMERCIAL AURORA COMERCIO LTDA 0894,COMERCIAL AURORA,1,GO,0,2025-03-23 04:04:01,10
10895,83076369000105,FARMA SAUDE ME 0895,FARMA SAUDE,2,GO,0,2020-04-19 11:07:23,30
10896,41032296000100,REDE VIDA LTDA 0896,REDE VIDA,10,GO,0,2018-05-24 20:03:09,40
10897,96329806000105,DROGA PLANALTO EIRELI 0897,DROGA PLANALTO,4,MG,0,2018-06-26 21:36:40,50
10898,85710378000131,DROGA MODELO COMERCIO LTDA 0898,DROGA MODELO,14,MG,0,2019-12-05 07:15:17,10
10899,58770100000187,DROGARIA BOM PRECO EIRELI 0899,DROGARIA BOM,16,MG,0,2026-06-23 05:59:42,30
10900,23293801000198,FARMACIA MODELO LTDA 0900,FARMACIA MODELO,13,MG,0,2019-01-04 13:25:10,20
10901,69634573000173,DROGA ESPERANCA LTDA 0901,DROGA ESPERANCA,13,MG,0,2018-09-10 07:02:05,30
10902,91115472000145,FARMA SANTA CLARA EIRELI 0902,FARMA SANTA,12,GO,0,2023-01-10 08:31:16,30
10903,26630093000121,DROGA NOVA ERA EIRELI 0903,DROGA NOVA,1,GO,0,2020-02-04 01:00:37,40
10904,69673077000129,FARMA VIDA ME 0904,FARMA VIDA,5,GO,0,2023-11-06 19:19:37,30
10905,16861453000142,DROGA ESTRELA EIRELI 0905,DROGA ESTRELA,5,MG,0,2017-03-23 06:33:02,50
10906,79548168000196,COMERCIAL REAL LTDA 0906,COMERCIAL REAL,5,GO,0,2015-09-13 01:14:16,10
10907,02887783000100,FARMA UNIAO COMERCIO LTDA 0907,FARMA UNIAO,7,MG,0,2016-01-09 18:42:26,30
10908,30426793000176,REDE IDEAL LTDA 0908,REDE IDEAL,16,MG,0,2025-04-22 00:32:19,30
10909,52076607000159,FARMACIA POPULAR EIRELI 0909,FARMACIA POPULAR,9,GO,0,2018-02-28 08:48:58,40
10910,96678102000130,REDE MODELO ME 0910,REDE MODELO,12,GO,0,2024-04-12 02:51:11,50
10911,98312676000115,REDE SAO PEDRO ME 0911,REDE SAO,9,GO,0,2020-11-22 14:57:42,40
10912,92994544000134,FARMACIA CENTRAL ME 0912,FARMACIA CENTRAL,7,MG,0,2023-04-08 03:57:30,30
10913,95709890000111,FARMA CENTRAL EIRELI 0913,FARMA CENTRAL,1,GO,0,2025-10-24 23:42:20,30
10914,76155598000150,DROGA IDEAL COMERCIO LTDA 0914,DROGA IDEAL,7,MG,0,2025-12-08 07:22:35,50
10915,39245950000111,FARMA VIDA LTDA 0915,FARMA VIDA,17,MG,0,2021-10-20 10:19:56,40
10916,93856775000144,DROGA HORIZONTE COMERCIO LTDA 0916,DROGA HORIZONTE,8,MG,0,2018-08-16 10:30:32,20
10917,95078297000114,FARMA PLANALTO EIRELI 0917,FARMA PLANALTO,6,MG,0,2021-04-19 03:53:50,40
10918,87279256000168,FARMACIA SANTA CLARA LTDA 0918,FARMACIA SANTA,12,MG,0,2023-06-22 13:45:31,40
10919,76750983000145,DROGARIA MODELO LTDA 0919,DROGARIA MODELO,10,MG,0,2020-10-08 19:14:10,50
10920,94415484000183,REDE UNIAO ME 0920,REDE UNIAO,3,GO,0,2020-06-29 06:09:42,50
10921,57261032000168,COMERCIAL UNIAO EIRELI 0921,COMERCIAL UNIAO,8,MG,0,2026-02-21 15:57:59,50
10922,12512523000104,REDE SAO PEDRO LTDA 0922,REDE SAO,14,MG,0,2025-01-11 11:33:33,50
10923,24369438000100,FARMACIA BOM PRECO LTDA 0923,FARMACIA BOM,16,MG,0,2017-03-26 09:40:49,50
10924,78917555000190,DROGA NOVA ERA EIRELI 0924,DROGA NOVA,8,MG,0,2015-07-26 15:17:59,30
10925,08665194000156,FARMA IDEAL COMERCIO LTDA 0925,FARMA IDEAL,14,MG,0,2024-12-20 22:10:31,10
10926,84030375000194,FARMACIA ESTRELA EIRELI 0926,FARMACIA ESTRELA,5,GO,0,2016-06-29 19:11:41,20
10927,69053680000108,REDE MODELO LTDA 0927,REDE MODELO,17,MG,0,2015-01-23 10:37:51,30
10928,61293729000198,REDE IDEAL EIRELI 0928,REDE IDEAL,1,GO,0,2025-11-06 05:46:18,40
10929,07146517000132,COMERCIAL VIDA COMERCIO LTDA 0929,COMERCIAL VIDA,5,GO,0,2018-10-21 17:12:40,30
10930,02892851000111,DROGA SANTA CLARA EIRELI 0930,DROGA SANTA,3,MG,0,2015-02-25 19:38:28,40
10931,00817476000110,DROGA NOVA ERA ME 0931,DROGA NOVA,9,MG,0,2024-08-29 14:07:17,40
10932,78512804000167,REDE ESPERANCA LTDA 0932,REDE ESPERANCA,3,GO,0,2015-06-08 19:56:23,40
10933,45176353000185,FARMA PRIME ME 0933,FARMA PRIME,10,GO,0,2021-12-30 13:37:47,30
10934,28131410000190,COMERCIAL HORIZONTE EIRELI 0934,COMERCIAL HORIZONTE,1,MG,0,2022-05-05 05:13:25,40
10935,19038934000140,FARMA MODELO COMERCIO LTDA 0935,FARMA MODELO,5,GO,0,2020-09-01 08:45:21,30
10936,38726472000107,DROGARIA UNIAO EIRELI 0936,DROGARIA UNIAO,12,GO,1,2020-11-06 08:05:20,10
10937,76117805000181,COMERCIAL ESPERANCA COMERCIO LTDA 0937,COMERCIAL ESPERANCA,12,GO,0,2015-04-25 00:56:05,40
10938,50732716000151,DROGA AURORA EIRELI 0938,DROGA AURORA,11,GO,0,2020-07-29 22:03:45,30
10939,80270318000121,COMERCIAL PLANALTO ME 0939,COMERCIAL PLANALTO,6,MG,0,2020-04-04 17:00:36,40
10940,02837151000124,DROGARIA HORIZONTE ME 0940,DROGARIA HORIZONTE,5,GO,0,2021-04-21 01:10:39,50
10941,49799412000122,COMERCIAL PLANALTO ME 0941,COMERCIAL PLANALTO,9,MG,0,2022-11-30 20:42:21,10
10942,97262549000196,DROGA POPULAR ME 0942,DROGA POPULAR,11,GO,0,2026-06-19 17:30:09,40
10943,94059541000139,FARMACIA NOVA ERA COMERCIO LTDA 0943,FARMACIA NOVA,6,GO,0,2021-06-17 00:15:34,50
10944,95586113000127,DROGA SANTA CLARA EIRELI 0944,DROGA SANTA,11,MG,1,2022-04-21 08:26:01,30
10945,21501254000163,DROGARIA HORIZONTE LTDA 0945,DROGARIA HORIZONTE,8,GO,0,2022-03-11 09:54:48,50
10946,17105439000181,FARMA UNIAO LTDA 0946,FARMA UNIAO,3,MG,0,2017-10-29 16:43:11,30
10947,32718894000146,REDE NOVA ERA COMERCIO LTDA 0947,REDE NOVA,13,MG,0,2024-09-03 12:27:00,20
10948,21748129000152,FARMACIA SAUDE ME 0948,FARMACIA SAUDE,1,GO,0,2020-02-07 15:09:23,40
10949,54353372000120,FARMA ESTRELA ME 0949,FARMA ESTRELA,11,MG,0,2018-06-27 15:34:12,30
10950,88569827000161,COMERCIAL BOM PRECO LTDA 0950,COMERCIAL BOM,11,MG,0,2023-09-12 16:51:41,40
10951,46533501000134,DROGA BOM PRECO EIRELI 0951,DROGA BOM,16,MG,0,2025-10-25 14:44:38,20
10952,78399791000161,DROGARIA ESTRELA EIRELI 0952,DROGARIA ESTRELA,2,MG,0,2022-04-06 18:27:01,40
10953,61104718000112,FARMACIA BOM PRECO COMERCIO LTDA 0953,FARMACIA BOM,4,GO,0,2017-09-01 01:46:46,20
10954,62704240000124,FARMACIA REAL COMERCIO LTDA 0954,FARMACIA REAL,3,MG,0,2018-07-17 07:42:35,40
10955,06730825000148,FARMA HORIZONTE COMERCIO LTDA 0955,FARMA HORIZONTE,7,GO,0,2023-12-04 08:48:53,50
10956,88473183000103,DROGARIA CENTRAL ME 0956,DROGARIA CENTRAL,999,GO,0,2015-03-19 16:22:00,30
10957,26778564000143,DROGARIA PRIME ME 0957,DROGARIA PRIME,12,MG,1,2023-08-26 18:09:01,10
10958,38160709000127,COMERCIAL SAO PEDRO ME 0958,COMERCIAL SAO,1,MG,0,2022-01-21 11:23:56,50
10959,47594768000102,COMERCIAL IDEAL EIRELI 0959,COMERCIAL IDEAL,4,GO,,2016-08-12 10:40:09,40
10960,39511926000187,DROGARIA MODELO EIRELI 0960,DROGARIA MODELO,5,MG,,2025-03-12 19:50:16,30
10961,08580780000106,DROGARIA CENTRAL EIRELI 0961,DROGARIA CENTRAL,3,GO,0,2018-10-23 23:25:54,10
10962,11225431000172,FARMA AURORA EIRELI 0962,FARMA AURORA,5,GO,0,2017-01-31 01:25:40,
10963,85633226000182,COMERCIAL SAUDE EIRELI 0963,COMERCIAL SAUDE,7,GO,1,2022-04-02 08:43:02,40
10964,37952885000139,DROGA UNIAO ME 0964,DROGA UNIAO,16,MG,0,2023-01-16 04:53:52,40
10965,28197319000178,DROGARIA ESPERANCA ME 0965,DROGARIA ESPERANCA,13,MG,0,2016-06-29 10:36:36,40
10966,93839819000128,FARMACIA UNIAO LTDA 0966,FARMACIA UNIAO,12,GO,0,2017-09-24 11:52:35,40
10967,64929334000127,REDE BOM PRECO LTDA 0967,REDE BOM,10,GO,0,2018-05-28 21:37:29,30
10968,03603703000100,COMERCIAL CENTRAL COMERCIO LTDA 0968,COMERCIAL CENTRAL,6,GO,0,2022-03-18 04:33:54,50
10969,48252875000107,REDE CENTRAL LTDA 0969,REDE CENTRAL,9,MG,0,2014-08-14 21:45:38,20
10970,35605227000145,COMERCIAL SAO PEDRO LTDA 0970,COMERCIAL SAO,4,MG,0,2018-09-19 03:44:12,50
10971,07041615000105,FARMA ESTRELA COMERCIO LTDA 0971,FARMA ESTRELA,4,MG,0,2016-04-08 09:03:14,50
10972,25722583000195,REDE SANTA CLARA COMERCIO LTDA 0972,REDE SANTA,4,MG,0,2023-07-24 12:39:27,40
10973,76876834000127,FARMACIA UNIAO LTDA 0973,FARMACIA UNIAO,12,GO,0,2024-12-11 09:18:26,30
10974,29258394000164,FARMA VIDA EIRELI 0974,FARMA VIDA,5,GO,0,2020-08-22 05:10:37,10
10975,46620711000160,FARMA VIDA LTDA 0975,FARMA VIDA,5,MG,0,2019-01-09 06:26:53,30
10976,67729501000184,DROGARIA VIDA COMERCIO LTDA 0976,DROGARIA VIDA,10,MG,0,2018-03-14 19:30:37,40
10977,06378888000187,REDE UNIAO EIRELI 0977,REDE UNIAO,7,MG,0,2025-05-25 01:18:16,40
10978,03706496000101,FARMACIA IDEAL COMERCIO LTDA 0978,FARMACIA IDEAL,9,GO,0,2018-04-15 05:48:37,40
10979,18188317000169,FARMACIA CENTRAL COMERCIO LTDA 0979,FARMACIA CENTRAL,5,GO,0,2017-04-09 20:04:29,20
10980,63670801000184,COMERCIAL HORIZONTE EIRELI 0980,COMERCIAL HORIZONTE,7,MG,0,2026-06-19 06:56:10,50
10981,74944091000150,DROGARIA SAO PEDRO LTDA 0981,DROGARIA SAO,4,GO,0,2017-11-26 07:11:39,30
10982,25438642000106,REDE HORIZONTE ME 0982,REDE HORIZONTE,2,GO,0,2021-12-27 05:20:45,
10983,16463006000135,DROGARIA AURORA LTDA 0983,DROGARIA AURORA,999,MG,0,2014-12-19 12:43:17,10
10984,97341361000133,DROGA ESPERANCA COMERCIO LTDA 0984,DROGA ESPERANCA,4,MG,0,2024-09-27 04:13:21,40
10985,15717859000193,DROGA ESTRELA LTDA 0985,DROGA ESTRELA,10,MG,0,2018-05-20 16:09:53,40
10986,09407032000180,FARMACIA CENTRAL EIRELI 0986,FARMACIA CENTRAL,4,MG,0,2017-02-23 05:41:39,40
10987,19285044000133,COMERCIAL PRIME COMERCIO LTDA 0987,COMERCIAL PRIME,6,GO,0,2023-12-24 15:01:36,30
10988,99665445000158,DROGARIA VIDA LTDA 0988,DROGARIA VIDA,12,GO,0,2017-10-10 14:28:54,
10989,41243724000143,FARMACIA BOM PRECO EIRELI 0989,FARMACIA BOM,1,GO,1,2020-05-09 04:57:50,30
10990,48377818000154,FARMA SANTA CLARA LTDA 0990,FARMA SANTA,12,MG,0,2021-02-12 17:59:21,40
10991,07107645000177,DROGA BOM PRECO LTDA 0991,DROGA BOM,12,MG,1,2017-03-04 21:22:20,30
10992,20241135000156,FARMA ESTRELA EIRELI 0992,FARMA ESTRELA,7,GO,0,2024-04-10 02:34:50,50
10993,07434229000183,COMERCIAL HORIZONTE COMERCIO LTDA 0993,COMERCIAL HORIZONTE,7,GO,0,2024-05-07 22:50:41,30
10994,81239785000151,FARMACIA VIDA ME 0994,FARMACIA VIDA,11,GO,0,2017-11-29 04:12:46,50
10995,79373475000183,COMERCIAL CENTRAL ME 0995,COMERCIAL CENTRAL,12,GO,0,2024-02-08 22:50:24,40
10996,68943772000109,FARMA HORIZONTE COMERCIO LTDA 0996,FARMA HORIZONTE,2,GO,0,2023-03-01 09:13:42,50
10997,45478943000162,REDE MODELO EIRELI 0997,REDE MODELO,6,MG,0,2021-01-18 19:13:37,20
10998,23107724000134,DROGARIA SAUDE COMERCIO LTDA 0998,DROGARIA SAUDE,10,GO,0,2015-07-26 10:22:09,40
10999,30301921000155,DROGARIA REAL COMERCIO LTDA 0999,DROGARIA REAL,16,MG,0,2017-08-11 17:17:08,40
11000,25321516000169,DROGARIA SANTA CLARA EIRELI 1000,DROGARIA SANTA,2,MG,0,2015-06-17 01:06:52,40
11001,08943836000131,COMERCIAL AURORA ME 1001,COMERCIAL AURORA,1,GO,0,2025-10-27 09:02:55,20
11002,17046920000143,REDE AURORA LTDA 1002,REDE AURORA,11,MG,0,2020-11-14 05:39:43,30
11003,92346370000101,COMERCIAL ESPERANCA COMERCIO LTDA 1003,COMERCIAL ESPERANCA,7,GO,1,2020-10-11 14:02:06,50
11004,47113388000109,COMERCIAL MODELO ME 1004,COMERCIAL MODELO,6,GO,0,2021-09-05 04:40:21,40
11005,06107467000111,REDE CENTRAL LTDA 1005,REDE CENTRAL,18,MG,0,2021-03-13 22:08:53,40
11006,92379934000102,REDE HORIZONTE COMERCIO LTDA 1006,REDE HORIZONTE,6,MG,0,2019-02-28 22:30:10,40
11007,20096977000161,DROGARIA HORIZONTE EIRELI 1007,DROGARIA HORIZONTE,6,MG,0,2020-09-05 13:29:15,40
11008,24928230000183,DROGA SANTA CLARA LTDA 1008,DROGA SANTA,8,MG,0,2016-06-18 04:23:51,50
11009,56223342000125,FARMACIA PLANALTO COMERCIO LTDA 1009,FARMACIA PLANALTO,9,GO,0,2022-09-17 02:51:51,40
11010,41696060000178,FARMACIA POPULAR COMERCIO LTDA 1010,FARMACIA POPULAR,13,MG,0,2019-04-03 21:21:11,40
11011,61337705000193,REDE ESTRELA LTDA 1011,REDE ESTRELA,15,MG,0,2015-10-24 23:01:27,20
11012,38068050000183,FARMA PRIME LTDA 1012,FARMA PRIME,16,MG,0,2018-09-07 23:43:00,40
11013,84356980000150,COMERCIAL SAO PEDRO LTDA 1013,COMERCIAL SAO,16,MG,0,2016-09-08 00:16:57,40
11014,11845676000100,FARMA CENTRAL LTDA 1014,FARMA CENTRAL,13,MG,0,2016-05-23 13:07:34,40
11015,67720401000197,REDE NOVA ERA ME 1015,REDE NOVA,2,GO,0,2015-10-27 00:24:03,
11016,59344087000167,COMERCIAL ESTRELA EIRELI 1016,COMERCIAL ESTRELA,11,GO,0,2020-03-01 06:06:55,30
11017,03411121000114,DROGARIA ESPERANCA COMERCIO LTDA 1017,DROGARIA ESPERANCA,12,MG,0,2018-07-24 23:45:10,40
11018,65675827000140,REDE HORIZONTE EIRELI 1018,REDE HORIZONTE,6,GO,0,2021-04-07 03:30:25,20
11019,77400698000167,FARMA VIDA LTDA 1019,FARMA VIDA,12,GO,0,2020-05-18 07:57:39,30
11020,27076052000106,DROGARIA PRIME EIRELI 1020,DROGARIA PRIME,8,MG,0,2019-03-29 17:18:45,40
11021,03989367000178,REDE AURORA EIRELI 1021,REDE AURORA,10,MG,0,2021-10-26 04:07:59,50
11022,83556456000160,DROGARIA CENTRAL ME 1022,DROGARIA CENTRAL,12,GO,0,2017-07-10 06:35:40,40
11023,07736764000199,FARMACIA REAL LTDA 1023,FARMACIA REAL,16,MG,1,2019-08-01 18:23:26,50
11024,00178419000138,REDE UNIAO ME 1024,REDE UNIAO,9,MG,0,2022-12-31 04:04:44,40
11025,06896952000111,FARMA UNIAO COMERCIO LTDA 1025,FARMA UNIAO,4,MG,0,2017-11-29 21:14:23,40
11026,52861647000101,COMERCIAL PRIME LTDA 1026,COMERCIAL PRIME,4,GO,0,2019-01-15 16:38:38,30
11027,76139308000184,DROGARIA VIDA COMERCIO LTDA 1027,DROGARIA VIDA,7,GO,0,2026-06-25 21:05:05,40
11028,28750468000112,COMERCIAL AURORA ME 1028,COMERCIAL AURORA,8,GO,0,2021-03-19 16:11:34,40
11029,52756226000110,DROGARIA AURORA LTDA 1029,DROGARIA AURORA,16,MG,0,2016-10-29 14:06:27,20
11030,84895168000100,FARMA HORIZONTE ME 1030,FARMA HORIZONTE,9,GO,0,2023-02-26 17:25:45,40
11031,24763264000165,REDE BOM PRECO ME 1031,REDE BOM,12,GO,0,2023-04-19 20:58:43,30
11032,69283972000137,FARMA PRIME COMERCIO LTDA 1032,FARMA PRIME,2,GO,0,2014-08-24 04:07:25,40
11033,20583752000130,REDE ESPERANCA EIRELI 1033,REDE ESPERANCA,14,MG,0,2022-05-11 04:22:00,10
11034,77575335000162,DROGA NOVA ERA COMERCIO LTDA 1034,DROGA NOVA,7,GO,0,2018-12-17 04:30:15,30
11035,66073623000100,FARMACIA REAL EIRELI 1035,FARMACIA REAL,3,GO,0,2025-04-28 02:15:00,30
11036,79990699000134,REDE PRIME ME 1036,REDE PRIME,12,GO,0,2024-04-25 16:23:59,40
11037,09270862000109,FARMACIA UNIAO EIRELI 1037,FARMACIA UNIAO,999,GO,0,2026-03-15 11:35:42,30
11038,79070858000182,DROGA SAUDE ME 1038,DROGA SAUDE,11,GO,0,2025-03-28 23:17:36,50
11039,75884424000165,REDE PRIME LTDA 1039,REDE PRIME,9,GO,0,2019-07-15 08:09:54,20
11040,80873818000158,REDE HORIZONTE COMERCIO LTDA 1040,REDE HORIZONTE,6,GO,0,2024-08-08 07:26:58,40
11041,77270553000199,COMERCIAL PLANALTO EIRELI 1041,COMERCIAL PLANALTO,11,GO,0,2015-07-10 03:58:58,30
11042,17586816000141,DROGARIA AURORA LTDA 1042,DROGARIA AURORA,7,GO,0,2022-11-01 19:43:53,40
11043,81904339000114,FARMA SAUDE LTDA 1043,FARMA SAUDE,1,GO,,2019-10-27 21:42:39,40
11044,19538269000154,FARMACIA SANTA CLARA ME 1044,FARMACIA SANTA,2,MG,0,2017-05-07 08:20:08,40
11045,03229485000188,COMERCIAL SANTA CLARA ME 1045,COMERCIAL SANTA,10,MG,0,2014-08-17 03:44:03,40
11046,81552304000163,COMERCIAL NOVA ERA ME 1046,COMERCIAL NOVA,1,GO,0,2023-06-20 15:44:31,10
11047,10553447000141,DROGARIA IDEAL COMERCIO LTDA 1047,DROGARIA IDEAL,18,MG,0,2016-11-03 07:44:47,40
11048,59949033000125,REDE PLANALTO ME 1048,REDE PLANALTO,2,GO,0,2026-03-26 15:05:07,30
11049,14733994000160,FARMA ESPERANCA EIRELI 1049,FARMA ESPERANCA,18,MG,0,2022-06-22 08:24:32,50
11050,42049121000178,COMERCIAL CENTRAL COMERCIO LTDA 1050,COMERCIAL CENTRAL,12,GO,0,2023-01-30 10:08:11,40
11051,16983783000100,FARMA PRIME LTDA 1051,FARMA PRIME,13,MG,0,2019-06-01 12:06:08,40
11052,29710297000160,COMERCIAL SANTA CLARA ME 1052,COMERCIAL SANTA,1,GO,0,2018-04-29 17:42:28,40
11053,81971584000144,FARMA ESPERANCA EIRELI 1053,FARMA ESPERANCA,10,GO,0,2026-02-20 03:02:09,30
11054,55728217000104,COMERCIAL UNIAO ME 1054,COMERCIAL UNIAO,18,MG,0,2018-03-14 22:33:09,40
11055,75046555000173,FARMA BOM PRECO LTDA 1055,FARMA BOM,10,MG,0,2022-11-10 00:13:42,40
11056,21673136000132,FARMACIA AURORA LTDA 1056,FARMACIA AURORA,6,MG,0,2015-03-02 04:36:54,30
11057,65171174000162,DROGARIA REAL EIRELI 1057,DROGARIA REAL,13,MG,0,2017-01-07 22:52:32,30
11058,93014006000107,DROGA SAUDE ME 1058,DROGA SAUDE,18,MG,0,2018-09-20 03:23:05,50
11059,01467021000184,DROGARIA PRIME COMERCIO LTDA 1059,DROGARIA PRIME,9,MG,0,2026-02-08 03:25:39,
11060,83787950000135,FARMACIA CENTRAL ME 1060,FARMACIA CENTRAL,12,GO,0,2016-04-27 01:39:43,40
11061,22216428000109,REDE CENTRAL EIRELI 1061,REDE CENTRAL,6,GO,0,2020-12-31 10:14:24,30
11062,32060891000168,REDE PLANALTO EIRELI 1062,REDE PLANALTO,16,MG,0,2022-06-12 14:18:10,40
11063,16807996000181,COMERCIAL PRIME ME 1063,COMERCIAL PRIME,3,MG,0,2015-09-24 13:56:18,50
11064,68068937000132,REDE POPULAR ME 1064,REDE POPULAR,3,GO,0,2018-05-03 15:03:19,30
11065,88253644000132,REDE PLANALTO COMERCIO LTDA 1065,REDE PLANALTO,14,MG,0,2019-06-12 02:09:19,50
11066,33155122000106,DROGA ESPERANCA ME 1066,DROGA ESPERANCA,3,MG,0,2024-05-16 15:11:31,10
11067,55137655000106,DROGA IDEAL EIRELI 1067,DROGA IDEAL,11,MG,0,2022-11-29 06:37:56,
11068,61490812000157,REDE AURORA COMERCIO LTDA 1068,REDE AURORA,7,MG,0,2020-08-16 05:50:01,30
11069,15602292000100,COMERCIAL SAO PEDRO LTDA 1069,COMERCIAL SAO,9,GO,0,2022-02-23 12:43:39,40
11070,35389787000100,DROGA ESTRELA ME 1070,DROGA ESTRELA,11,GO,0,2025-08-12 20:48:30,
11071,89137514000105,DROGARIA PRIME COMERCIO LTDA 1071,DROGARIA PRIME,8,MG,1,2018-02-03 23:51:02,40
11072,32995045000130,FARMA SANTA CLARA EIRELI 1072,FARMA SANTA,4,MG,0,2019-01-20 15:26:33,50
11073,61991229000120,REDE IDEAL COMERCIO LTDA 1073,REDE IDEAL,1,MG,0,2025-09-21 17:46:47,10
11074,81116680000105,DROGARIA NOVA ERA ME 1074,DROGARIA NOVA,8,GO,0,2025-10-03 21:30:11,40
11075,73387215000180,REDE POPULAR LTDA 1075,REDE POPULAR,6,GO,0,2017-10-02 23:36:06,10
11076,84298547000105,REDE PLANALTO LTDA 1076,REDE PLANALTO,6,MG,0,2022-05-16 01:28:48,50
11077,64302074000165,DROGARIA UNIAO ME 1077,DROGARIA UNIAO,11,GO,0,2023-01-22 02:26:03,30
11078,12292996000135,FARMA VIDA ME 1078,FARMA VIDA,11,GO,0,2023-12-31 13:18:58,30
11079,91279408000108,COMERCIAL REAL LTDA 1079,COMERCIAL REAL,9,GO,0,2016-05-29 02:55:24,40
11080,70233334000190,DROGARIA ESTRELA EIRELI 1080,DROGARIA ESTRELA,5,MG,0,2022-03-08 16:16:29,40
11081,57522489000189,DROGARIA POPULAR LTDA 1081,DROGARIA POPULAR,2,MG,0,2023-09-23 13:44:01,40
11082,47811962000194,DROGA PLANALTO LTDA 1082,DROGA PLANALTO,6,MG,0,2019-03-28 09:02:26,30
11083,03330858000102,FARMACIA SANTA CLARA COMERCIO LTDA 1083,FARMACIA SANTA,10,GO,0,2024-01-26 16:46:04,10
11084,02786933000181,FARMA MODELO COMERCIO LTDA 1084,FARMA MODELO,13,MG,0,2020-12-21 05:11:45,40
11085,41843882000134,DROGARIA MODELO LTDA 1085,DROGARIA MODELO,6,GO,0,2022-11-18 10:54:07,40
11086,44524376000170,DROGARIA POPULAR LTDA 1086,DROGARIA POPULAR,9,GO,0,2018-10-29 22:58:56,40
11087,76332187000192,DROGA AURORA LTDA 1087,DROGA AURORA,3,MG,0,2019-05-14 20:52:34,20
11088,34033719000140,COMERCIAL NOVA ERA LTDA 1088,COMERCIAL NOVA,10,MG,1,2019-11-21 04:48:58,40
11089,93187491000102,FARMA MODELO COMERCIO LTDA 1089,FARMA MODELO,10,MG,0,2016-02-11 09:03:09,50
11090,26242802000100,DROGARIA HORIZONTE ME 1090,DROGARIA HORIZONTE,11,GO,1,2023-11-29 04:41:04,40
11091,03077810000134,FARMACIA SAUDE COMERCIO LTDA 1091,FARMACIA SAUDE,18,MG,0,2021-05-13 22:42:32,50
11092,77979994000164,DROGA SAUDE EIRELI 1092,DROGA SAUDE,9,GO,0,2023-01-11 20:48:21,10
11093,38534694000110,DROGARIA PLANALTO ME 1093,DROGARIA PLANALTO,12,MG,0,2015-05-12 03:08:24,30
11094,07194071000111,DROGARIA SAO PEDRO COMERCIO LTDA 1094,DROGARIA SAO,2,GO,1,2017-02-24 09:09:27,40
11095,00905148000175,REDE POPULAR EIRELI 1095,REDE POPULAR,9,GO,0,2018-12-07 08:22:19,40
11096,89918686000108,COMERCIAL IDEAL ME 1096,COMERCIAL IDEAL,7,MG,0,2016-09-05 09:14:50,40
11097,11321268000141,COMERCIAL AURORA ME 1097,COMERCIAL AURORA,14,MG,0,2016-09-28 02:47:30,40
11098,75421737000187,FARMACIA BOM PRECO ME 1098,FARMACIA BOM,999,GO,0,2019-12-07 23:08:02,10
11099,00062381000133,FARMACIA VIDA ME 1099,FARMACIA VIDA,9,MG,0,2020-04-25 21:17:06,40
11100,92814510000110,REDE ESTRELA LTDA 1100,REDE ESTRELA,2,MG,0,2016-05-30 18:54:52,30
11101,21502617000185,COMERCIAL POPULAR EIRELI 1101,COMERCIAL POPULAR,10,MG,0,2015-12-29 00:01:57,50
11102,49848403000184,FARMACIA HORIZONTE EIRELI 1102,FARMACIA HORIZONTE,4,MG,0,2015-09-16 15:57:47,30
11103,40579078000127,DROGA SAUDE ME 1103,DROGA SAUDE,999,GO,0,2019-06-25 22:40:04,40
11104,66586362000114,DROGA POPULAR ME 1104,DROGA POPULAR,4,MG,0,2018-10-13 08:39:32,40
11105,57646379000129,FARMA ESTRELA EIRELI 1105,FARMA ESTRELA,11,MG,0,2017-02-20 18:09:32,40
11106,97269190000189,COMERCIAL SAUDE EIRELI 1106,COMERCIAL SAUDE,10,MG,0,2017-01-19 23:13:45,30
11107,07344610000151,FARMA BOM PRECO LTDA 1107,FARMA BOM,6,GO,1,2017-04-26 22:26:53,30
11108,74149773000170,FARMACIA ESPERANCA COMERCIO LTDA 1108,FARMACIA ESPERANCA,6,GO,0,2015-10-02 12:15:14,30
11109,45230049000179,DROGA SAUDE EIRELI 1109,DROGA SAUDE,5,GO,0,2024-05-11 23:26:43,40
11110,65362120000184,FARMA ESTRELA EIRELI 1110,FARMA ESTRELA,16,MG,0,2024-12-25 23:59:33,40
11111,18166209000195,FARMA PLANALTO LTDA 1111,FARMA PLANALTO,10,MG,0,2020-03-08 21:27:01,40
11112,12739347000130,COMERCIAL POPULAR EIRELI 1112,COMERCIAL POPULAR,6,MG,0,2021-09-20 18:40:21,10
11113,42907562000163,REDE UNIAO EIRELI 1113,REDE UNIAO,5,MG,0,2016-03-09 14:09:48,40
11114,20812010000139,COMERCIAL POPULAR LTDA 1114,COMERCIAL POPULAR,3,MG,0,2025-06-28 20:48:05,20
11115,88777718000130,COMERCIAL SAO PEDRO COMERCIO LTDA 1115,COMERCIAL SAO,17,MG,0,2025-08-06 17:21:49,40
11116,49538284000163,DROGARIA PLANALTO EIRELI 1116,DROGARIA PLANALTO,7,MG,0,2024-11-01 00:34:19,20
11117,69829717000147,REDE HORIZONTE ME 1117,REDE HORIZONTE,18,MG,1,2023-09-13 16:15:24,10
11118,62989439000146,FARMA ESPERANCA EIRELI 1118,FARMA ESPERANCA,6,GO,0,2018-07-17 15:48:58,
11119,16920214000116,FARMA AURORA LTDA 1119,FARMA AURORA,3,GO,0,2014-12-07 03:19:00,50
11120,98321792000109,DROGA AURORA LTDA 1120,DROGA AURORA,13,MG,0,2020-03-22 02:47:20,40
11121,29154413000102,REDE BOM PRECO ME 1121,REDE BOM,8,MG,0,2021-10-09 09:15:19,40
11122,68146383000144,FARMACIA BOM PRECO ME 1122,FARMACIA BOM,8,GO,0,2025-05-19 08:21:23,40
11123,19911840000134,DROGA CENTRAL ME 1123,DROGA CENTRAL,16,MG,0,2015-12-25 09:41:54,40
11124,95042014000184,FARMACIA POPULAR EIRELI 1124,FARMACIA POPULAR,16,MG,0,2020-04-03 03:13:45,40
11125,76877091000100,FARMACIA CENTRAL ME 1125,FARMACIA CENTRAL,12,MG,1,2020-12-13 03:31:59,40
11126,82918368000106,DROGA MODELO COMERCIO LTDA 1126,DROGA MODELO,17,MG,0,2019-04-11 08:23:49,50
11127,36642254000150,DROGARIA CENTRAL EIRELI 1127,DROGARIA CENTRAL,15,MG,0,2020-10-25 19:45:38,40
11128,21374228000111,COMERCIAL AURORA EIRELI 1128,COMERCIAL AURORA,4,MG,0,2014-11-18 03:03:32,30
11129,00495568000120,REDE PLANALTO ME 1129,REDE PLANALTO,9,MG,0,2018-02-19 08:09:49,40
11130,61740329000183,COMERCIAL MODELO EIRELI 1130,COMERCIAL MODELO,13,MG,0,2024-08-04 02:58:26,10
11131,14112606000123,REDE SANTA CLARA COMERCIO LTDA 1131,REDE SANTA,3,MG,0,2025-06-24 02:18:13,50
11132,18981451000112,REDE MODELO EIRELI 1132,REDE MODELO,4,GO,0,2024-03-18 01:22:50,40
11133,73411239000128,FARMA HORIZONTE LTDA 1133,FARMA HORIZONTE,6,GO,1,2026-06-24 06:58:18,30
11134,49842133000102,FARMACIA ESTRELA ME 1134,FARMACIA ESTRELA,17,MG,0,2025-01-07 19:52:37,40
11135,67056568000103,DROGARIA AURORA EIRELI 1135,DROGARIA AURORA,4,GO,0,2017-11-17 22:20:45,40
11136,06942211000120,FARMACIA BOM PRECO ME 1136,FARMACIA BOM,4,GO,0,2016-01-26 23:16:45,40
11137,36981180000187,REDE VIDA ME 1137,REDE VIDA,6,GO,0,2017-04-01 11:40:48,50
11138,02687530000185,FARMA PRIME LTDA 1138,FARMA PRIME,999,GO,0,2017-09-05 23:49:09,40
11139,02123851000157,COMERCIAL HORIZONTE COMERCIO LTDA 1139,COMERCIAL HORIZONTE,16,MG,0,2025-04-12 11:45:01,40
11140,80945742000129,REDE BOM PRECO COMERCIO LTDA 1140,REDE BOM,7,MG,0,2025-07-26 14:57:30,40
11141,96059914000105,FARMACIA CENTRAL ME 1141,FARMACIA CENTRAL,1,MG,0,2026-02-13 14:35:37,40
11142,62113589000191,REDE BOM PRECO ME 1142,REDE BOM,10,GO,0,2021-02-18 21:01:25,40
11143,23919573000119,DROGARIA SAUDE LTDA 1143,DROGARIA SAUDE,17,MG,1,2016-02-19 00:40:11,20
11144,23316352000156,DROGA BOM PRECO COMERCIO LTDA 1144,DROGA BOM,6,MG,,2021-03-13 05:15:33,20
11145,05499517000190,COMERCIAL NOVA ERA LTDA 1145,COMERCIAL NOVA,1,MG,0,2014-10-11 18:33:15,20
11146,31065021000119,FARMA HORIZONTE COMERCIO LTDA 1146,FARMA HORIZONTE,7,MG,0,2016-12-26 22:06:22,40
11147,93434673000130,FARMACIA REAL ME 1147,FARMACIA REAL,3,GO,0,2022-09-30 02:00:43,10
11148,69785782000118,FARMACIA AURORA EIRELI 1148,FARMACIA AURORA,10,GO,0,2024-07-26 15:20:23,40
11149,11889347000153,COMERCIAL PRIME COMERCIO LTDA 1149,COMERCIAL PRIME,6,MG,0,2024-11-18 18:50:38,50
11150,61383639000198,FARMACIA MODELO COMERCIO LTDA 1150,FARMACIA MODELO,3,MG,0,2016-11-18 08:59:29,40
11151,83523295000108,DROGARIA SAO PEDRO ME 1151,DROGARIA SAO,5,MG,0,2025-12-24 13:48:15,40
11152,66862262000173,REDE REAL ME 1152,REDE REAL,17,MG,0,2023-03-23 07:08:32,20
11153,07056540000136,DROGARIA BOM PRECO COMERCIO LTDA 1153,DROGARIA BOM,10,GO,0,2017-07-22 17:15:13,30
11154,85797548000167,REDE AURORA LTDA 1154,REDE AURORA,2,MG,0,2025-09-19 16:37:30,40
11155,23663400000182,FARMA SAUDE LTDA 1155,FARMA SAUDE,3,MG,0,2016-01-02 02:17:10,40
11156,15158195000170,REDE REAL EIRELI 1156,REDE REAL,14,MG,0,2026-01-27 19:22:22,40
11157,84546273000126,COMERCIAL AURORA COMERCIO LTDA 1157,COMERCIAL AURORA,1,GO,0,2018-10-15 21:02:37,30
11158,24841161000176,FARMA MODELO EIRELI 1158,FARMA MODELO,8,MG,0,2015-10-18 10:51:35,50
11159,45125192000109,FARMA SAUDE EIRELI 1159,FARMA SAUDE,4,MG,0,2020-02-19 21:28:00,40
11160,69583691000108,FARMACIA POPULAR EIRELI 1160,FARMACIA POPULAR,8,GO,0,2020-11-04 12:05:12,30
11161,83456306000184,REDE REAL EIRELI 1161,REDE REAL,10,GO,0,2020-03-08 09:19:27,40
11162,46301831000102,DROGARIA SAO PEDRO LTDA 1162,DROGARIA SAO,4,GO,0,2026-07-13 10:56:41,40
11163,54697605000102,DROGARIA MODELO ME 1163,DROGARIA MODELO,9,GO,0,2021-12-10 18:07:52,50
11164,67444843000158,FARMA IDEAL LTDA 1164,FARMA IDEAL,11,MG,0,2015-03-06 13:58:33,40
11165,88708984000100,FARMA SANTA CLARA EIRELI 1165,FARMA SANTA,3,GO,0,2014-10-01 01:23:45,30
11166,47913952000160,FARMA IDEAL EIRELI 1166,FARMA IDEAL,9,GO,0,2024-05-16 05:27:15,40
11167,88123024000189,FARMA UNIAO COMERCIO LTDA 1167,FARMA UNIAO,11,GO,0,2015-06-03 05:26:28,40
11168,28372973000170,REDE HORIZONTE ME 1168,REDE HORIZONTE,18,MG,0,2026-01-14 14:23:26,50
11169,93726274000143,REDE PLANALTO COMERCIO LTDA 1169,REDE PLANALTO,12,MG,0,2014-11-04 13:23:14,10
11170,48699936000189,DROGA IDEAL COMERCIO LTDA 1170,DROGA IDEAL,9,MG,0,2017-05-11 00:56:25,30
11171,53287702000164,FARMACIA VIDA ME 1171,FARMACIA VIDA,12,GO,0,2025-07-11 09:03:58,40
11172,13362284000108,COMERCIAL BOM PRECO LTDA 1172,COMERCIAL BOM,8,GO,0,2020-10-14 17:32:49,40
11173,77589832000110,REDE MODELO EIRELI 1173,REDE MODELO,7,MG,0,2015-11-27 13:14:44,30
11174,23109533000101,REDE CENTRAL ME 1174,REDE CENTRAL,9,GO,1,2020-05-06 22:49:15,40
11175,49472657000140,COMERCIAL SAO PEDRO LTDA 1175,COMERCIAL SAO,13,MG,0,2021-05-01 10:29:11,30
11176,74355421000171,FARMA REAL LTDA 1176,FARMA REAL,3,GO,0,2026-06-30 06:29:54,40
11177,31342539000152,DROGA ESPERANCA EIRELI 1177,DROGA ESPERANCA,3,MG,0,2015-04-07 02:01:26,
11178,04249595000174,REDE CENTRAL COMERCIO LTDA 1178,REDE CENTRAL,2,GO,0,2020-09-28 12:41:46,50
11179,44214005000192,REDE AURORA EIRELI 1179,REDE AURORA,13,MG,0,2024-12-03 05:39:24,50
11180,54983053000107,FARMACIA HORIZONTE COMERCIO LTDA 1180,FARMACIA HORIZONTE,2,MG,0,2024-11-13 08:17:57,40
11181,54902873000119,FARMACIA AURORA EIRELI 1181,FARMACIA AURORA,1,MG,0,2025-05-21 15:33:56,40
11182,90852442000159,DROGARIA AURORA ME 1182,DROGARIA AURORA,7,MG,0,2020-08-23 06:32:33,30
11183,95668578000127,COMERCIAL CENTRAL EIRELI 1183,COMERCIAL CENTRAL,6,MG,0,2025-06-25 23:30:05,40
11184,35592248000173,COMERCIAL SAO PEDRO ME 1184,COMERCIAL SAO,8,MG,0,2015-10-19 03:54:30,40
11185,35123248000124,DROGA MODELO EIRELI 1185,DROGA MODELO,2,GO,0,2021-02-24 19:30:10,40
11186,72319255000122,FARMA MODELO ME 1186,FARMA MODELO,11,GO,0,2023-06-04 06:01:05,50
11187,09922765000153,DROGARIA POPULAR LTDA 1187,DROGARIA POPULAR,9,GO,0,2021-01-12 03:19:15,40
11188,03453282000170,DROGA PLANALTO EIRELI 1188,DROGA PLANALTO,18,MG,0,2024-11-20 17:38:16,40
11189,46237522000102,DROGA ESPERANCA ME 1189,DROGA ESPERANCA,12,MG,,2026-01-04 04:36:24,40
11190,00589263000188,FARMA SAO PEDRO EIRELI 1190,FARMA SAO,15,MG,0,2016-12-08 08:23:40,
11191,60097980000114,FARMA AURORA LTDA 1191,FARMA AURORA,6,MG,1,2015-04-01 05:38:44,40
11192,96982836000108,DROGARIA AURORA EIRELI 1192,DROGARIA AURORA,18,MG,0,2023-04-06 01:50:58,30
11193,61966494000158,DROGARIA AURORA EIRELI 1193,DROGARIA AURORA,11,MG,0,2025-06-16 17:12:23,40
11194,23484435000154,REDE SANTA CLARA COMERCIO LTDA 1194,REDE SANTA,18,MG,0,2018-11-13 02:24:11,40
11195,76365239000127,REDE HORIZONTE ME 1195,REDE HORIZONTE,7,GO,0,2016-01-07 13:27:44,10
11196,24994026000160,FARMA ESTRELA LTDA 1196,FARMA ESTRELA,11,MG,0,2022-12-09 04:16:44,10
11197,76133179000117,DROGARIA SANTA CLARA LTDA 1197,DROGARIA SANTA,8,GO,0,2019-03-22 08:04:20,50
11198,44589394000130,COMERCIAL ESPERANCA ME 1198,COMERCIAL ESPERANCA,13,MG,1,2024-09-06 01:32:10,
11199,99082007000167,FARMA IDEAL LTDA 1199,FARMA IDEAL,11,MG,0,2022-01-30 00:16:00,30
